Internal Server Error: /timetable/1/
Traceback (most recent call last):
  File "/Users/sammac/Desktop/org-repo/Scheduler_UI_only/.venv/lib/python3.13/site-packages/django/core/handlers/exception.py", line 55, in inner
    response = get_response(request)
  File "/Users/sammac/Desktop/org-repo/Scheduler_UI_only/.venv/lib/python3.13/site-packages/django/core/handlers/base.py", line 198, in _get_response
    response = wrapped_callback(request, *callback_args, **callback_kwargs)
  File "/Users/sammac/Desktop/org-repo/Scheduler_UI_only/projttgs/ttgen/views.py", line 404, in wrapped
    return view_func(request, *args, **kwargs)
  File "/Users/sammac/Desktop/org-repo/ttgen-private/views_main.py", line 833, in show_timetable
    return render(
        request,
    ...<16 lines>...
        },
    )
  File "/Users/sammac/Desktop/org-repo/Scheduler_UI_only/.venv/lib/python3.13/site-packages/django/shortcuts.py", line 25, in render
    content = loader.render_to_string(template_name, context, request, using=using)
  File "/Users/sammac/Desktop/org-repo/Scheduler_UI_only/.venv/lib/python3.13/site-packages/django/template/loader.py", line 62, in render_to_string
    return template.render(context, request)
           ~~~~~~~~~~~~~~~^^^^^^^^^^^^^^^^^^
  File "/Users/sammac/Desktop/org-repo/Scheduler_UI_only/.venv/lib/python3.13/site-packages/django/template/backends/django.py", line 107, in render
    return self.template.render(context)
           ~~~~~~~~~~~~~~~~~~~~^^^^^^^^^
  File "/Users/sammac/Desktop/org-repo/Scheduler_UI_only/.venv/lib/python3.13/site-packages/django/template/base.py", line 174, in render
    return self._render(context)
           ~~~~~~~~~~~~^^^^^^^^^
  File "/Users/sammac/Desktop/org-repo/Scheduler_UI_only/.venv/lib/python3.13/site-packages/django/template/base.py", line 166, in _render
    return self.nodelist.render(context)
           ~~~~~~~~~~~~~~~~~~~~^^^^^^^^^
  File "/Users/sammac/Desktop/org-repo/Scheduler_UI_only/.venv/lib/python3.13/site-packages/django/template/base.py", line 1091, in render
    return SafeString("".join([node.render_annotated(context) for node in self]))
                               ~~~~~~~~~~~~~~~~~~~~~^^^^^^^^^
  File "/Users/sammac/Desktop/org-repo/Scheduler_UI_only/.venv/lib/python3.13/site-packages/django/template/base.py", line 1052, in render_annotated
    return self.render(context)
           ~~~~~~~~~~~^^^^^^^^^
  File "/Users/sammac/Desktop/org-repo/Scheduler_UI_only/.venv/lib/python3.13/site-packages/django/template/loader_tags.py", line 56, in render
    result = self.nodelist.render(context)
  File "/Users/sammac/Desktop/org-repo/Scheduler_UI_only/.venv/lib/python3.13/site-packages/django/template/base.py", line 1091, in render
    return SafeString("".join([node.render_annotated(context) for node in self]))
                               ~~~~~~~~~~~~~~~~~~~~~^^^^^^^^^
  File "/Users/sammac/Desktop/org-repo/Scheduler_UI_only/.venv/lib/python3.13/site-packages/django/template/base.py", line 1052, in render_annotated
    return self.render(context)
           ~~~~~~~~~~~^^^^^^^^^
  File "/Users/sammac/Desktop/org-repo/Scheduler_UI_only/.venv/lib/python3.13/site-packages/django/template/defaulttags.py", line 249, in render
    nodelist.append(node.render_annotated(context))
                    ~~~~~~~~~~~~~~~~~~~~~^^^^^^^^^
  File "/Users/sammac/Desktop/org-repo/Scheduler_UI_only/.venv/lib/python3.13/site-packages/django/template/base.py", line 1052, in render_annotated
    return self.render(context)
           ~~~~~~~~~~~^^^^^^^^^
  File "/Users/sammac/Desktop/org-repo/Scheduler_UI_only/.venv/lib/python3.13/site-packages/django/template/defaulttags.py", line 249, in render
    nodelist.append(node.render_annotated(context))
                    ~~~~~~~~~~~~~~~~~~~~~^^^^^^^^^
  File "/Users/sammac/Desktop/org-repo/Scheduler_UI_only/.venv/lib/python3.13/site-packages/django/template/base.py", line 1052, in render_annotated
    return self.render(context)
           ~~~~~~~~~~~^^^^^^^^^
  File "/Users/sammac/Desktop/org-repo/Scheduler_UI_only/.venv/lib/python3.13/site-packages/django/template/defaulttags.py", line 249, in render
    nodelist.append(node.render_annotated(context))
                    ~~~~~~~~~~~~~~~~~~~~~^^^^^^^^^
  File "/Users/sammac/Desktop/org-repo/Scheduler_UI_only/.venv/lib/python3.13/site-packages/django/template/base.py", line 1052, in render_annotated
    return self.render(context)
           ~~~~~~~~~~~^^^^^^^^^
  File "/Users/sammac/Desktop/org-repo/Scheduler_UI_only/.venv/lib/python3.13/site-packages/django/template/defaulttags.py", line 333, in render
    return nodelist.render(context)
           ~~~~~~~~~~~~~~~^^^^^^^^^
  File "/Users/sammac/Desktop/org-repo/Scheduler_UI_only/.venv/lib/python3.13/site-packages/django/template/base.py", line 1091, in render
    return SafeString("".join([node.render_annotated(context) for node in self]))
                               ~~~~~~~~~~~~~~~~~~~~~^^^^^^^^^
  File "/Users/sammac/Desktop/org-repo/Scheduler_UI_only/.venv/lib/python3.13/site-packages/django/template/base.py", line 1052, in render_annotated
    return self.render(context)
           ~~~~~~~~~~~^^^^^^^^^
  File "/Users/sammac/Desktop/org-repo/Scheduler_UI_only/.venv/lib/python3.13/site-packages/django/template/defaulttags.py", line 249, in render
    nodelist.append(node.render_annotated(context))
                    ~~~~~~~~~~~~~~~~~~~~~^^^^^^^^^
  File "/Users/sammac/Desktop/org-repo/Scheduler_UI_only/.venv/lib/python3.13/site-packages/django/template/base.py", line 1052, in render_annotated
    return self.render(context)
           ~~~~~~~~~~~^^^^^^^^^
  File "/Users/sammac/Desktop/org-repo/Scheduler_UI_only/.venv/lib/python3.13/site-packages/django/template/defaulttags.py", line 511, in render
    url = reverse(view_name, args=args, kwargs=kwargs, current_app=current_app)
  File "/Users/sammac/Desktop/org-repo/Scheduler_UI_only/.venv/lib/python3.13/site-packages/django/urls/base.py", line 98, in reverse
    resolved_url = resolver._reverse_with_prefix(view, prefix, *args, **kwargs)
  File "/Users/sammac/Desktop/org-repo/Scheduler_UI_only/.venv/lib/python3.13/site-packages/django/urls/resolvers.py", line 842, in _reverse_with_prefix
    raise NoReverseMatch(msg)
django.urls.exceptions.NoReverseMatch: Reverse for 'substitute_lab_teacher' with arguments '('MSCCHE(Isem)/BSCCHE(VIIsem)', 'Monday', 1)' not found. 1 pattern(s) tried: ['substitute_lab/(?P<section>[^/]+)/(?P<day>[^/]+)/(?P<slot>[0-9]+)/\\Z']
Internal Server Error: /timetable/1/
Traceback (most recent call last):
  File "/Users/sammac/Desktop/org-repo/Scheduler_UI_only/.venv/lib/python3.13/site-packages/django/core/handlers/exception.py", line 55, in inner
    response = get_response(request)
  File "/Users/sammac/Desktop/org-repo/Scheduler_UI_only/.venv/lib/python3.13/site-packages/django/core/handlers/base.py", line 198, in _get_response
    response = wrapped_callback(request, *callback_args, **callback_kwargs)
  File "/Users/sammac/Desktop/org-repo/Scheduler_UI_only/projttgs/ttgen/views.py", line 404, in wrapped
    return view_func(request, *args, **kwargs)
  File "/Users/sammac/Desktop/org-repo/ttgen-private/views_main.py", line 833, in show_timetable
    return render(
        request,
    ...<16 lines>...
        },
    )
  File "/Users/sammac/Desktop/org-repo/Scheduler_UI_only/.venv/lib/python3.13/site-packages/django/shortcuts.py", line 25, in render
    content = loader.render_to_string(template_name, context, request, using=using)
  File "/Users/sammac/Desktop/org-repo/Scheduler_UI_only/.venv/lib/python3.13/site-packages/django/template/loader.py", line 62, in render_to_string
    return template.render(context, request)
           ~~~~~~~~~~~~~~~^^^^^^^^^^^^^^^^^^
  File "/Users/sammac/Desktop/org-repo/Scheduler_UI_only/.venv/lib/python3.13/site-packages/django/template/backends/django.py", line 107, in render
    return self.template.render(context)
           ~~~~~~~~~~~~~~~~~~~~^^^^^^^^^
  File "/Users/sammac/Desktop/org-repo/Scheduler_UI_only/.venv/lib/python3.13/site-packages/django/template/base.py", line 174, in render
    return self._render(context)
           ~~~~~~~~~~~~^^^^^^^^^
  File "/Users/sammac/Desktop/org-repo/Scheduler_UI_only/.venv/lib/python3.13/site-packages/django/template/base.py", line 166, in _render
    return self.nodelist.render(context)
           ~~~~~~~~~~~~~~~~~~~~^^^^^^^^^
  File "/Users/sammac/Desktop/org-repo/Scheduler_UI_only/.venv/lib/python3.13/site-packages/django/template/base.py", line 1091, in render
    return SafeString("".join([node.render_annotated(context) for node in self]))
                               ~~~~~~~~~~~~~~~~~~~~~^^^^^^^^^
  File "/Users/sammac/Desktop/org-repo/Scheduler_UI_only/.venv/lib/python3.13/site-packages/django/template/base.py", line 1052, in render_annotated
    return self.render(context)
           ~~~~~~~~~~~^^^^^^^^^
  File "/Users/sammac/Desktop/org-repo/Scheduler_UI_only/.venv/lib/python3.13/site-packages/django/template/loader_tags.py", line 56, in render
    result = self.nodelist.render(context)
  File "/Users/sammac/Desktop/org-repo/Scheduler_UI_only/.venv/lib/python3.13/site-packages/django/template/base.py", line 1091, in render
    return SafeString("".join([node.render_annotated(context) for node in self]))
                               ~~~~~~~~~~~~~~~~~~~~~^^^^^^^^^
  File "/Users/sammac/Desktop/org-repo/Scheduler_UI_only/.venv/lib/python3.13/site-packages/django/template/base.py", line 1052, in render_annotated
    return self.render(context)
           ~~~~~~~~~~~^^^^^^^^^
  File "/Users/sammac/Desktop/org-repo/Scheduler_UI_only/.venv/lib/python3.13/site-packages/django/template/defaulttags.py", line 249, in render
    nodelist.append(node.render_annotated(context))
                    ~~~~~~~~~~~~~~~~~~~~~^^^^^^^^^
  File "/Users/sammac/Desktop/org-repo/Scheduler_UI_only/.venv/lib/python3.13/site-packages/django/template/base.py", line 1052, in render_annotated
    return self.render(context)
           ~~~~~~~~~~~^^^^^^^^^
  File "/Users/sammac/Desktop/org-repo/Scheduler_UI_only/.venv/lib/python3.13/site-packages/django/template/defaulttags.py", line 249, in render
    nodelist.append(node.render_annotated(context))
                    ~~~~~~~~~~~~~~~~~~~~~^^^^^^^^^
  File "/Users/sammac/Desktop/org-repo/Scheduler_UI_only/.venv/lib/python3.13/site-packages/django/template/base.py", line 1052, in render_annotated
    return self.render(context)
           ~~~~~~~~~~~^^^^^^^^^
  File "/Users/sammac/Desktop/org-repo/Scheduler_UI_only/.venv/lib/python3.13/site-packages/django/template/defaulttags.py", line 249, in render
    nodelist.append(node.render_annotated(context))
                    ~~~~~~~~~~~~~~~~~~~~~^^^^^^^^^
  File "/Users/sammac/Desktop/org-repo/Scheduler_UI_only/.venv/lib/python3.13/site-packages/django/template/base.py", line 1052, in render_annotated
    return self.render(context)
           ~~~~~~~~~~~^^^^^^^^^
  File "/Users/sammac/Desktop/org-repo/Scheduler_UI_only/.venv/lib/python3.13/site-packages/django/template/defaulttags.py", line 333, in render
    return nodelist.render(context)
           ~~~~~~~~~~~~~~~^^^^^^^^^
  File "/Users/sammac/Desktop/org-repo/Scheduler_UI_only/.venv/lib/python3.13/site-packages/django/template/base.py", line 1091, in render
    return SafeString("".join([node.render_annotated(context) for node in self]))
                               ~~~~~~~~~~~~~~~~~~~~~^^^^^^^^^
  File "/Users/sammac/Desktop/org-repo/Scheduler_UI_only/.venv/lib/python3.13/site-packages/django/template/base.py", line 1052, in render_annotated
    return self.render(context)
           ~~~~~~~~~~~^^^^^^^^^
  File "/Users/sammac/Desktop/org-repo/Scheduler_UI_only/.venv/lib/python3.13/site-packages/django/template/defaulttags.py", line 249, in render
    nodelist.append(node.render_annotated(context))
                    ~~~~~~~~~~~~~~~~~~~~~^^^^^^^^^
  File "/Users/sammac/Desktop/org-repo/Scheduler_UI_only/.venv/lib/python3.13/site-packages/django/template/base.py", line 1052, in render_annotated
    return self.render(context)
           ~~~~~~~~~~~^^^^^^^^^
  File "/Users/sammac/Desktop/org-repo/Scheduler_UI_only/.venv/lib/python3.13/site-packages/django/template/defaulttags.py", line 511, in render
    url = reverse(view_name, args=args, kwargs=kwargs, current_app=current_app)
  File "/Users/sammac/Desktop/org-repo/Scheduler_UI_only/.venv/lib/python3.13/site-packages/django/urls/base.py", line 98, in reverse
    resolved_url = resolver._reverse_with_prefix(view, prefix, *args, **kwargs)
  File "/Users/sammac/Desktop/org-repo/Scheduler_UI_only/.venv/lib/python3.13/site-packages/django/urls/resolvers.py", line 842, in _reverse_with_prefix
    raise NoReverseMatch(msg)
django.urls.exceptions.NoReverseMatch: Reverse for 'substitute_lab_teacher' with arguments '('MSCCHE(Isem)/BSCCHE(VIIsem)', 'Monday', 1)' not found. 1 pattern(s) tried: ['substitute_lab/(?P<section>[^/]+)/(?P<day>[^/]+)/(?P<slot>[0-9]+)/\\Z']
Internal Server Error: /timetable/1/
Traceback (most recent call last):
  File "/Users/sammac/Desktop/org-repo/Scheduler_UI_only/.venv/lib/python3.13/site-packages/django/core/handlers/exception.py", line 55, in inner
    response = get_response(request)
  File "/Users/sammac/Desktop/org-repo/Scheduler_UI_only/.venv/lib/python3.13/site-packages/django/core/handlers/base.py", line 198, in _get_response
    response = wrapped_callback(request, *callback_args, **callback_kwargs)
  File "/Users/sammac/Desktop/org-repo/Scheduler_UI_only/projttgs/ttgen/views.py", line 404, in wrapped
    return view_func(request, *args, **kwargs)
  File "/Users/sammac/Desktop/org-repo/ttgen-private/views_main.py", line 833, in show_timetable
    return render(
        request,
    ...<16 lines>...
        },
    )
  File "/Users/sammac/Desktop/org-repo/Scheduler_UI_only/.venv/lib/python3.13/site-packages/django/shortcuts.py", line 25, in render
    content = loader.render_to_string(template_name, context, request, using=using)
  File "/Users/sammac/Desktop/org-repo/Scheduler_UI_only/.venv/lib/python3.13/site-packages/django/template/loader.py", line 62, in render_to_string
    return template.render(context, request)
           ~~~~~~~~~~~~~~~^^^^^^^^^^^^^^^^^^
  File "/Users/sammac/Desktop/org-repo/Scheduler_UI_only/.venv/lib/python3.13/site-packages/django/template/backends/django.py", line 107, in render
    return self.template.render(context)
           ~~~~~~~~~~~~~~~~~~~~^^^^^^^^^
  File "/Users/sammac/Desktop/org-repo/Scheduler_UI_only/.venv/lib/python3.13/site-packages/django/template/base.py", line 174, in render
    return self._render(context)
           ~~~~~~~~~~~~^^^^^^^^^
  File "/Users/sammac/Desktop/org-repo/Scheduler_UI_only/.venv/lib/python3.13/site-packages/django/template/base.py", line 166, in _render
    return self.nodelist.render(context)
           ~~~~~~~~~~~~~~~~~~~~^^^^^^^^^
  File "/Users/sammac/Desktop/org-repo/Scheduler_UI_only/.venv/lib/python3.13/site-packages/django/template/base.py", line 1091, in render
    return SafeString("".join([node.render_annotated(context) for node in self]))
                               ~~~~~~~~~~~~~~~~~~~~~^^^^^^^^^
  File "/Users/sammac/Desktop/org-repo/Scheduler_UI_only/.venv/lib/python3.13/site-packages/django/template/base.py", line 1052, in render_annotated
    return self.render(context)
           ~~~~~~~~~~~^^^^^^^^^
  File "/Users/sammac/Desktop/org-repo/Scheduler_UI_only/.venv/lib/python3.13/site-packages/django/template/loader_tags.py", line 56, in render
    result = self.nodelist.render(context)
  File "/Users/sammac/Desktop/org-repo/Scheduler_UI_only/.venv/lib/python3.13/site-packages/django/template/base.py", line 1091, in render
    return SafeString("".join([node.render_annotated(context) for node in self]))
                               ~~~~~~~~~~~~~~~~~~~~~^^^^^^^^^
  File "/Users/sammac/Desktop/org-repo/Scheduler_UI_only/.venv/lib/python3.13/site-packages/django/template/base.py", line 1052, in render_annotated
    return self.render(context)
           ~~~~~~~~~~~^^^^^^^^^
  File "/Users/sammac/Desktop/org-repo/Scheduler_UI_only/.venv/lib/python3.13/site-packages/django/template/defaulttags.py", line 249, in render
    nodelist.append(node.render_annotated(context))
                    ~~~~~~~~~~~~~~~~~~~~~^^^^^^^^^
  File "/Users/sammac/Desktop/org-repo/Scheduler_UI_only/.venv/lib/python3.13/site-packages/django/template/base.py", line 1052, in render_annotated
    return self.render(context)
           ~~~~~~~~~~~^^^^^^^^^
  File "/Users/sammac/Desktop/org-repo/Scheduler_UI_only/.venv/lib/python3.13/site-packages/django/template/defaulttags.py", line 249, in render
    nodelist.append(node.render_annotated(context))
                    ~~~~~~~~~~~~~~~~~~~~~^^^^^^^^^
  File "/Users/sammac/Desktop/org-repo/Scheduler_UI_only/.venv/lib/python3.13/site-packages/django/template/base.py", line 1052, in render_annotated
    return self.render(context)
           ~~~~~~~~~~~^^^^^^^^^
  File "/Users/sammac/Desktop/org-repo/Scheduler_UI_only/.venv/lib/python3.13/site-packages/django/template/defaulttags.py", line 249, in render
    nodelist.append(node.render_annotated(context))
                    ~~~~~~~~~~~~~~~~~~~~~^^^^^^^^^
  File "/Users/sammac/Desktop/org-repo/Scheduler_UI_only/.venv/lib/python3.13/site-packages/django/template/base.py", line 1052, in render_annotated
    return self.render(context)
           ~~~~~~~~~~~^^^^^^^^^
  File "/Users/sammac/Desktop/org-repo/Scheduler_UI_only/.venv/lib/python3.13/site-packages/django/template/defaulttags.py", line 333, in render
    return nodelist.render(context)
           ~~~~~~~~~~~~~~~^^^^^^^^^
  File "/Users/sammac/Desktop/org-repo/Scheduler_UI_only/.venv/lib/python3.13/site-packages/django/template/base.py", line 1091, in render
    return SafeString("".join([node.render_annotated(context) for node in self]))
                               ~~~~~~~~~~~~~~~~~~~~~^^^^^^^^^
  File "/Users/sammac/Desktop/org-repo/Scheduler_UI_only/.venv/lib/python3.13/site-packages/django/template/base.py", line 1052, in render_annotated
    return self.render(context)
           ~~~~~~~~~~~^^^^^^^^^
  File "/Users/sammac/Desktop/org-repo/Scheduler_UI_only/.venv/lib/python3.13/site-packages/django/template/defaulttags.py", line 249, in render
    nodelist.append(node.render_annotated(context))
                    ~~~~~~~~~~~~~~~~~~~~~^^^^^^^^^
  File "/Users/sammac/Desktop/org-repo/Scheduler_UI_only/.venv/lib/python3.13/site-packages/django/template/base.py", line 1052, in render_annotated
    return self.render(context)
           ~~~~~~~~~~~^^^^^^^^^
  File "/Users/sammac/Desktop/org-repo/Scheduler_UI_only/.venv/lib/python3.13/site-packages/django/template/defaulttags.py", line 511, in render
    url = reverse(view_name, args=args, kwargs=kwargs, current_app=current_app)
  File "/Users/sammac/Desktop/org-repo/Scheduler_UI_only/.venv/lib/python3.13/site-packages/django/urls/base.py", line 98, in reverse
    resolved_url = resolver._reverse_with_prefix(view, prefix, *args, **kwargs)
  File "/Users/sammac/Desktop/org-repo/Scheduler_UI_only/.venv/lib/python3.13/site-packages/django/urls/resolvers.py", line 842, in _reverse_with_prefix
    raise NoReverseMatch(msg)
django.urls.exceptions.NoReverseMatch: Reverse for 'substitute_lab_teacher' with arguments '('MSCCHE(Isem)/BSCCHE(VIIsem)', 'Monday', 1)' not found. 1 pattern(s) tried: ['substitute_lab/(?P<section>[^/]+)/(?P<day>[^/]+)/(?P<slot>[0-9]+)/\\Z']
Internal Server Error: /timetable/1/
Traceback (most recent call last):
  File "/Users/sammac/Desktop/org-repo/Scheduler_UI_only/.venv/lib/python3.13/site-packages/django/core/handlers/exception.py", line 55, in inner
    response = get_response(request)
  File "/Users/sammac/Desktop/org-repo/Scheduler_UI_only/.venv/lib/python3.13/site-packages/django/core/handlers/base.py", line 198, in _get_response
    response = wrapped_callback(request, *callback_args, **callback_kwargs)
  File "/Users/sammac/Desktop/org-repo/Scheduler_UI_only/projttgs/ttgen/views.py", line 404, in wrapped
    return view_func(request, *args, **kwargs)
  File "/Users/sammac/Desktop/org-repo/ttgen-private/views_main.py", line 833, in show_timetable
    return render(
        request,
    ...<16 lines>...
        },
    )
  File "/Users/sammac/Desktop/org-repo/Scheduler_UI_only/.venv/lib/python3.13/site-packages/django/shortcuts.py", line 25, in render
    content = loader.render_to_string(template_name, context, request, using=using)
  File "/Users/sammac/Desktop/org-repo/Scheduler_UI_only/.venv/lib/python3.13/site-packages/django/template/loader.py", line 62, in render_to_string
    return template.render(context, request)
           ~~~~~~~~~~~~~~~^^^^^^^^^^^^^^^^^^
  File "/Users/sammac/Desktop/org-repo/Scheduler_UI_only/.venv/lib/python3.13/site-packages/django/template/backends/django.py", line 107, in render
    return self.template.render(context)
           ~~~~~~~~~~~~~~~~~~~~^^^^^^^^^
  File "/Users/sammac/Desktop/org-repo/Scheduler_UI_only/.venv/lib/python3.13/site-packages/django/template/base.py", line 174, in render
    return self._render(context)
           ~~~~~~~~~~~~^^^^^^^^^
  File "/Users/sammac/Desktop/org-repo/Scheduler_UI_only/.venv/lib/python3.13/site-packages/django/template/base.py", line 166, in _render
    return self.nodelist.render(context)
           ~~~~~~~~~~~~~~~~~~~~^^^^^^^^^
  File "/Users/sammac/Desktop/org-repo/Scheduler_UI_only/.venv/lib/python3.13/site-packages/django/template/base.py", line 1091, in render
    return SafeString("".join([node.render_annotated(context) for node in self]))
                               ~~~~~~~~~~~~~~~~~~~~~^^^^^^^^^
  File "/Users/sammac/Desktop/org-repo/Scheduler_UI_only/.venv/lib/python3.13/site-packages/django/template/base.py", line 1052, in render_annotated
    return self.render(context)
           ~~~~~~~~~~~^^^^^^^^^
  File "/Users/sammac/Desktop/org-repo/Scheduler_UI_only/.venv/lib/python3.13/site-packages/django/template/loader_tags.py", line 56, in render
    result = self.nodelist.render(context)
  File "/Users/sammac/Desktop/org-repo/Scheduler_UI_only/.venv/lib/python3.13/site-packages/django/template/base.py", line 1091, in render
    return SafeString("".join([node.render_annotated(context) for node in self]))
                               ~~~~~~~~~~~~~~~~~~~~~^^^^^^^^^
  File "/Users/sammac/Desktop/org-repo/Scheduler_UI_only/.venv/lib/python3.13/site-packages/django/template/base.py", line 1052, in render_annotated
    return self.render(context)
           ~~~~~~~~~~~^^^^^^^^^
  File "/Users/sammac/Desktop/org-repo/Scheduler_UI_only/.venv/lib/python3.13/site-packages/django/template/defaulttags.py", line 249, in render
    nodelist.append(node.render_annotated(context))
                    ~~~~~~~~~~~~~~~~~~~~~^^^^^^^^^
  File "/Users/sammac/Desktop/org-repo/Scheduler_UI_only/.venv/lib/python3.13/site-packages/django/template/base.py", line 1052, in render_annotated
    return self.render(context)
           ~~~~~~~~~~~^^^^^^^^^
  File "/Users/sammac/Desktop/org-repo/Scheduler_UI_only/.venv/lib/python3.13/site-packages/django/template/defaulttags.py", line 249, in render
    nodelist.append(node.render_annotated(context))
                    ~~~~~~~~~~~~~~~~~~~~~^^^^^^^^^
  File "/Users/sammac/Desktop/org-repo/Scheduler_UI_only/.venv/lib/python3.13/site-packages/django/template/base.py", line 1052, in render_annotated
    return self.render(context)
           ~~~~~~~~~~~^^^^^^^^^
  File "/Users/sammac/Desktop/org-repo/Scheduler_UI_only/.venv/lib/python3.13/site-packages/django/template/defaulttags.py", line 249, in render
    nodelist.append(node.render_annotated(context))
                    ~~~~~~~~~~~~~~~~~~~~~^^^^^^^^^
  File "/Users/sammac/Desktop/org-repo/Scheduler_UI_only/.venv/lib/python3.13/site-packages/django/template/base.py", line 1052, in render_annotated
    return self.render(context)
           ~~~~~~~~~~~^^^^^^^^^
  File "/Users/sammac/Desktop/org-repo/Scheduler_UI_only/.venv/lib/python3.13/site-packages/django/template/defaulttags.py", line 333, in render
    return nodelist.render(context)
           ~~~~~~~~~~~~~~~^^^^^^^^^
  File "/Users/sammac/Desktop/org-repo/Scheduler_UI_only/.venv/lib/python3.13/site-packages/django/template/base.py", line 1091, in render
    return SafeString("".join([node.render_annotated(context) for node in self]))
                               ~~~~~~~~~~~~~~~~~~~~~^^^^^^^^^
  File "/Users/sammac/Desktop/org-repo/Scheduler_UI_only/.venv/lib/python3.13/site-packages/django/template/base.py", line 1052, in render_annotated
    return self.render(context)
           ~~~~~~~~~~~^^^^^^^^^
  File "/Users/sammac/Desktop/org-repo/Scheduler_UI_only/.venv/lib/python3.13/site-packages/django/template/defaulttags.py", line 511, in render
    url = reverse(view_name, args=args, kwargs=kwargs, current_app=current_app)
  File "/Users/sammac/Desktop/org-repo/Scheduler_UI_only/.venv/lib/python3.13/site-packages/django/urls/base.py", line 98, in reverse
    resolved_url = resolver._reverse_with_prefix(view, prefix, *args, **kwargs)
  File "/Users/sammac/Desktop/org-repo/Scheduler_UI_only/.venv/lib/python3.13/site-packages/django/urls/resolvers.py", line 842, in _reverse_with_prefix
    raise NoReverseMatch(msg)
django.urls.exceptions.NoReverseMatch: Reverse for 'substitute_teacher' with arguments '('MSCCHE(Isem)/BSCCHE(VIIsem)', 'Monday', 6)' not found. 1 pattern(s) tried: ['substitute_teacher/(?P<section>[^/]+)/(?P<day>[^/]+)/(?P<slot>[0-9]+)/\\Z']
Internal Server Error: /sections_list/
Traceback (most recent call last):
  File "/Users/sammac/Desktop/org-repo/Scheduler_UI_only/.venv/lib/python3.13/site-packages/django/core/handlers/exception.py", line 55, in inner
    response = get_response(request)
  File "/Users/sammac/Desktop/org-repo/Scheduler_UI_only/.venv/lib/python3.13/site-packages/django/core/handlers/base.py", line 198, in _get_response
    response = wrapped_callback(request, *callback_args, **callback_kwargs)
  File "/Users/sammac/Desktop/org-repo/Scheduler_UI_only/.venv/lib/python3.13/site-packages/django/contrib/auth/decorators.py", line 59, in _view_wrapper
    return view_func(request, *args, **kwargs)
  File "/Users/sammac/Desktop/org-repo/Scheduler_UI_only/projttgs/ttgen/views_other.py", line 3867, in section_list
    return render(request, 'seclist.html', {'sections': Section.objects.filter(user=request.user)})
  File "/Users/sammac/Desktop/org-repo/Scheduler_UI_only/.venv/lib/python3.13/site-packages/django/shortcuts.py", line 25, in render
    content = loader.render_to_string(template_name, context, request, using=using)
  File "/Users/sammac/Desktop/org-repo/Scheduler_UI_only/.venv/lib/python3.13/site-packages/django/template/loader.py", line 62, in render_to_string
    return template.render(context, request)
           ~~~~~~~~~~~~~~~^^^^^^^^^^^^^^^^^^
  File "/Users/sammac/Desktop/org-repo/Scheduler_UI_only/.venv/lib/python3.13/site-packages/django/template/backends/django.py", line 107, in render
    return self.template.render(context)
           ~~~~~~~~~~~~~~~~~~~~^^^^^^^^^
  File "/Users/sammac/Desktop/org-repo/Scheduler_UI_only/.venv/lib/python3.13/site-packages/django/template/base.py", line 174, in render
    return self._render(context)
           ~~~~~~~~~~~~^^^^^^^^^
  File "/Users/sammac/Desktop/org-repo/Scheduler_UI_only/.venv/lib/python3.13/site-packages/django/template/base.py", line 166, in _render
    return self.nodelist.render(context)
           ~~~~~~~~~~~~~~~~~~~~^^^^^^^^^
  File "/Users/sammac/Desktop/org-repo/Scheduler_UI_only/.venv/lib/python3.13/site-packages/django/template/base.py", line 1091, in render
    return SafeString("".join([node.render_annotated(context) for node in self]))
                               ~~~~~~~~~~~~~~~~~~~~~^^^^^^^^^
  File "/Users/sammac/Desktop/org-repo/Scheduler_UI_only/.venv/lib/python3.13/site-packages/django/template/base.py", line 1052, in render_annotated
    return self.render(context)
           ~~~~~~~~~~~^^^^^^^^^
  File "/Users/sammac/Desktop/org-repo/Scheduler_UI_only/.venv/lib/python3.13/site-packages/django/template/loader_tags.py", line 160, in render
    return compiled_parent._render(context)
           ~~~~~~~~~~~~~~~~~~~~~~~^^^^^^^^^
  File "/Users/sammac/Desktop/org-repo/Scheduler_UI_only/.venv/lib/python3.13/site-packages/django/template/base.py", line 166, in _render
    return self.nodelist.render(context)
           ~~~~~~~~~~~~~~~~~~~~^^^^^^^^^
  File "/Users/sammac/Desktop/org-repo/Scheduler_UI_only/.venv/lib/python3.13/site-packages/django/template/base.py", line 1091, in render
    return SafeString("".join([node.render_annotated(context) for node in self]))
                               ~~~~~~~~~~~~~~~~~~~~~^^^^^^^^^
  File "/Users/sammac/Desktop/org-repo/Scheduler_UI_only/.venv/lib/python3.13/site-packages/django/template/base.py", line 1052, in render_annotated
    return self.render(context)
           ~~~~~~~~~~~^^^^^^^^^
  File "/Users/sammac/Desktop/org-repo/Scheduler_UI_only/.venv/lib/python3.13/site-packages/django/template/loader_tags.py", line 66, in render
    result = block.nodelist.render(context)
  File "/Users/sammac/Desktop/org-repo/Scheduler_UI_only/.venv/lib/python3.13/site-packages/django/template/base.py", line 1091, in render
    return SafeString("".join([node.render_annotated(context) for node in self]))
                               ~~~~~~~~~~~~~~~~~~~~~^^^^^^^^^
  File "/Users/sammac/Desktop/org-repo/Scheduler_UI_only/.venv/lib/python3.13/site-packages/django/template/base.py", line 1052, in render_annotated
    return self.render(context)
           ~~~~~~~~~~~^^^^^^^^^
  File "/Users/sammac/Desktop/org-repo/Scheduler_UI_only/.venv/lib/python3.13/site-packages/django/template/defaulttags.py", line 249, in render
    nodelist.append(node.render_annotated(context))
                    ~~~~~~~~~~~~~~~~~~~~~^^^^^^^^^
  File "/Users/sammac/Desktop/org-repo/Scheduler_UI_only/.venv/lib/python3.13/site-packages/django/template/base.py", line 1052, in render_annotated
    return self.render(context)
           ~~~~~~~~~~~^^^^^^^^^
  File "/Users/sammac/Desktop/org-repo/Scheduler_UI_only/.venv/lib/python3.13/site-packages/django/template/defaulttags.py", line 511, in render
    url = reverse(view_name, args=args, kwargs=kwargs, current_app=current_app)
  File "/Users/sammac/Desktop/org-repo/Scheduler_UI_only/.venv/lib/python3.13/site-packages/django/urls/base.py", line 98, in reverse
    resolved_url = resolver._reverse_with_prefix(view, prefix, *args, **kwargs)
  File "/Users/sammac/Desktop/org-repo/Scheduler_UI_only/.venv/lib/python3.13/site-packages/django/urls/resolvers.py", line 842, in _reverse_with_prefix
    raise NoReverseMatch(msg)
django.urls.exceptions.NoReverseMatch: Reverse for 'deletesection' with arguments '('CE11/CE12 1st Sem',)' not found. 1 pattern(s) tried: ['delete_section/(?P<pk>[^/]+)/\\Z']
Internal Server Error: /sections_list/
Traceback (most recent call last):
  File "/Users/sammac/Desktop/org-repo/Scheduler_UI_only/.venv/lib/python3.13/site-packages/django/core/handlers/exception.py", line 55, in inner
    response = get_response(request)
  File "/Users/sammac/Desktop/org-repo/Scheduler_UI_only/.venv/lib/python3.13/site-packages/django/core/handlers/base.py", line 198, in _get_response
    response = wrapped_callback(request, *callback_args, **callback_kwargs)
  File "/Users/sammac/Desktop/org-repo/Scheduler_UI_only/.venv/lib/python3.13/site-packages/django/contrib/auth/decorators.py", line 59, in _view_wrapper
    return view_func(request, *args, **kwargs)
  File "/Users/sammac/Desktop/org-repo/Scheduler_UI_only/projttgs/ttgen/views_other.py", line 3867, in section_list
    return render(request, 'seclist.html', {'sections': Section.objects.filter(user=request.user)})
  File "/Users/sammac/Desktop/org-repo/Scheduler_UI_only/.venv/lib/python3.13/site-packages/django/shortcuts.py", line 25, in render
    content = loader.render_to_string(template_name, context, request, using=using)
  File "/Users/sammac/Desktop/org-repo/Scheduler_UI_only/.venv/lib/python3.13/site-packages/django/template/loader.py", line 62, in render_to_string
    return template.render(context, request)
           ~~~~~~~~~~~~~~~^^^^^^^^^^^^^^^^^^
  File "/Users/sammac/Desktop/org-repo/Scheduler_UI_only/.venv/lib/python3.13/site-packages/django/template/backends/django.py", line 107, in render
    return self.template.render(context)
           ~~~~~~~~~~~~~~~~~~~~^^^^^^^^^
  File "/Users/sammac/Desktop/org-repo/Scheduler_UI_only/.venv/lib/python3.13/site-packages/django/template/base.py", line 174, in render
    return self._render(context)
           ~~~~~~~~~~~~^^^^^^^^^
  File "/Users/sammac/Desktop/org-repo/Scheduler_UI_only/.venv/lib/python3.13/site-packages/django/template/base.py", line 166, in _render
    return self.nodelist.render(context)
           ~~~~~~~~~~~~~~~~~~~~^^^^^^^^^
  File "/Users/sammac/Desktop/org-repo/Scheduler_UI_only/.venv/lib/python3.13/site-packages/django/template/base.py", line 1091, in render
    return SafeString("".join([node.render_annotated(context) for node in self]))
                               ~~~~~~~~~~~~~~~~~~~~~^^^^^^^^^
  File "/Users/sammac/Desktop/org-repo/Scheduler_UI_only/.venv/lib/python3.13/site-packages/django/template/base.py", line 1052, in render_annotated
    return self.render(context)
           ~~~~~~~~~~~^^^^^^^^^
  File "/Users/sammac/Desktop/org-repo/Scheduler_UI_only/.venv/lib/python3.13/site-packages/django/template/loader_tags.py", line 160, in render
    return compiled_parent._render(context)
           ~~~~~~~~~~~~~~~~~~~~~~~^^^^^^^^^
  File "/Users/sammac/Desktop/org-repo/Scheduler_UI_only/.venv/lib/python3.13/site-packages/django/template/base.py", line 166, in _render
    return self.nodelist.render(context)
           ~~~~~~~~~~~~~~~~~~~~^^^^^^^^^
  File "/Users/sammac/Desktop/org-repo/Scheduler_UI_only/.venv/lib/python3.13/site-packages/django/template/base.py", line 1091, in render
    return SafeString("".join([node.render_annotated(context) for node in self]))
                               ~~~~~~~~~~~~~~~~~~~~~^^^^^^^^^
  File "/Users/sammac/Desktop/org-repo/Scheduler_UI_only/.venv/lib/python3.13/site-packages/django/template/base.py", line 1052, in render_annotated
    return self.render(context)
           ~~~~~~~~~~~^^^^^^^^^
  File "/Users/sammac/Desktop/org-repo/Scheduler_UI_only/.venv/lib/python3.13/site-packages/django/template/loader_tags.py", line 66, in render
    result = block.nodelist.render(context)
  File "/Users/sammac/Desktop/org-repo/Scheduler_UI_only/.venv/lib/python3.13/site-packages/django/template/base.py", line 1091, in render
    return SafeString("".join([node.render_annotated(context) for node in self]))
                               ~~~~~~~~~~~~~~~~~~~~~^^^^^^^^^
  File "/Users/sammac/Desktop/org-repo/Scheduler_UI_only/.venv/lib/python3.13/site-packages/django/template/base.py", line 1052, in render_annotated
    return self.render(context)
           ~~~~~~~~~~~^^^^^^^^^
  File "/Users/sammac/Desktop/org-repo/Scheduler_UI_only/.venv/lib/python3.13/site-packages/django/template/defaulttags.py", line 249, in render
    nodelist.append(node.render_annotated(context))
                    ~~~~~~~~~~~~~~~~~~~~~^^^^^^^^^
  File "/Users/sammac/Desktop/org-repo/Scheduler_UI_only/.venv/lib/python3.13/site-packages/django/template/base.py", line 1052, in render_annotated
    return self.render(context)
           ~~~~~~~~~~~^^^^^^^^^
  File "/Users/sammac/Desktop/org-repo/Scheduler_UI_only/.venv/lib/python3.13/site-packages/django/template/defaulttags.py", line 511, in render
    url = reverse(view_name, args=args, kwargs=kwargs, current_app=current_app)
  File "/Users/sammac/Desktop/org-repo/Scheduler_UI_only/.venv/lib/python3.13/site-packages/django/urls/base.py", line 98, in reverse
    resolved_url = resolver._reverse_with_prefix(view, prefix, *args, **kwargs)
  File "/Users/sammac/Desktop/org-repo/Scheduler_UI_only/.venv/lib/python3.13/site-packages/django/urls/resolvers.py", line 842, in _reverse_with_prefix
    raise NoReverseMatch(msg)
django.urls.exceptions.NoReverseMatch: Reverse for 'deletesection' with arguments '('CE11/CE12 1st Sem',)' not found. 1 pattern(s) tried: ['delete_section/(?P<pk>[^/]+)/\\Z']
Internal Server Error: /sections_list/
Traceback (most recent call last):
  File "/Users/sammac/Desktop/org-repo/Scheduler_UI_only/.venv/lib/python3.13/site-packages/django/core/handlers/exception.py", line 55, in inner
    response = get_response(request)
  File "/Users/sammac/Desktop/org-repo/Scheduler_UI_only/.venv/lib/python3.13/site-packages/django/core/handlers/base.py", line 198, in _get_response
    response = wrapped_callback(request, *callback_args, **callback_kwargs)
  File "/Users/sammac/Desktop/org-repo/Scheduler_UI_only/.venv/lib/python3.13/site-packages/django/contrib/auth/decorators.py", line 59, in _view_wrapper
    return view_func(request, *args, **kwargs)
  File "/Users/sammac/Desktop/org-repo/Scheduler_UI_only/projttgs/ttgen/views_other.py", line 3867, in section_list
    return render(request, 'seclist.html', {'sections': Section.objects.filter(user=request.user)})
  File "/Users/sammac/Desktop/org-repo/Scheduler_UI_only/.venv/lib/python3.13/site-packages/django/shortcuts.py", line 25, in render
    content = loader.render_to_string(template_name, context, request, using=using)
  File "/Users/sammac/Desktop/org-repo/Scheduler_UI_only/.venv/lib/python3.13/site-packages/django/template/loader.py", line 62, in render_to_string
    return template.render(context, request)
           ~~~~~~~~~~~~~~~^^^^^^^^^^^^^^^^^^
  File "/Users/sammac/Desktop/org-repo/Scheduler_UI_only/.venv/lib/python3.13/site-packages/django/template/backends/django.py", line 107, in render
    return self.template.render(context)
           ~~~~~~~~~~~~~~~~~~~~^^^^^^^^^
  File "/Users/sammac/Desktop/org-repo/Scheduler_UI_only/.venv/lib/python3.13/site-packages/django/template/base.py", line 174, in render
    return self._render(context)
           ~~~~~~~~~~~~^^^^^^^^^
  File "/Users/sammac/Desktop/org-repo/Scheduler_UI_only/.venv/lib/python3.13/site-packages/django/template/base.py", line 166, in _render
    return self.nodelist.render(context)
           ~~~~~~~~~~~~~~~~~~~~^^^^^^^^^
  File "/Users/sammac/Desktop/org-repo/Scheduler_UI_only/.venv/lib/python3.13/site-packages/django/template/base.py", line 1091, in render
    return SafeString("".join([node.render_annotated(context) for node in self]))
                               ~~~~~~~~~~~~~~~~~~~~~^^^^^^^^^
  File "/Users/sammac/Desktop/org-repo/Scheduler_UI_only/.venv/lib/python3.13/site-packages/django/template/base.py", line 1052, in render_annotated
    return self.render(context)
           ~~~~~~~~~~~^^^^^^^^^
  File "/Users/sammac/Desktop/org-repo/Scheduler_UI_only/.venv/lib/python3.13/site-packages/django/template/loader_tags.py", line 160, in render
    return compiled_parent._render(context)
           ~~~~~~~~~~~~~~~~~~~~~~~^^^^^^^^^
  File "/Users/sammac/Desktop/org-repo/Scheduler_UI_only/.venv/lib/python3.13/site-packages/django/template/base.py", line 166, in _render
    return self.nodelist.render(context)
           ~~~~~~~~~~~~~~~~~~~~^^^^^^^^^
  File "/Users/sammac/Desktop/org-repo/Scheduler_UI_only/.venv/lib/python3.13/site-packages/django/template/base.py", line 1091, in render
    return SafeString("".join([node.render_annotated(context) for node in self]))
                               ~~~~~~~~~~~~~~~~~~~~~^^^^^^^^^
  File "/Users/sammac/Desktop/org-repo/Scheduler_UI_only/.venv/lib/python3.13/site-packages/django/template/base.py", line 1052, in render_annotated
    return self.render(context)
           ~~~~~~~~~~~^^^^^^^^^
  File "/Users/sammac/Desktop/org-repo/Scheduler_UI_only/.venv/lib/python3.13/site-packages/django/template/loader_tags.py", line 66, in render
    result = block.nodelist.render(context)
  File "/Users/sammac/Desktop/org-repo/Scheduler_UI_only/.venv/lib/python3.13/site-packages/django/template/base.py", line 1091, in render
    return SafeString("".join([node.render_annotated(context) for node in self]))
                               ~~~~~~~~~~~~~~~~~~~~~^^^^^^^^^
  File "/Users/sammac/Desktop/org-repo/Scheduler_UI_only/.venv/lib/python3.13/site-packages/django/template/base.py", line 1052, in render_annotated
    return self.render(context)
           ~~~~~~~~~~~^^^^^^^^^
  File "/Users/sammac/Desktop/org-repo/Scheduler_UI_only/.venv/lib/python3.13/site-packages/django/template/defaulttags.py", line 249, in render
    nodelist.append(node.render_annotated(context))
                    ~~~~~~~~~~~~~~~~~~~~~^^^^^^^^^
  File "/Users/sammac/Desktop/org-repo/Scheduler_UI_only/.venv/lib/python3.13/site-packages/django/template/base.py", line 1052, in render_annotated
    return self.render(context)
           ~~~~~~~~~~~^^^^^^^^^
  File "/Users/sammac/Desktop/org-repo/Scheduler_UI_only/.venv/lib/python3.13/site-packages/django/template/defaulttags.py", line 511, in render
    url = reverse(view_name, args=args, kwargs=kwargs, current_app=current_app)
  File "/Users/sammac/Desktop/org-repo/Scheduler_UI_only/.venv/lib/python3.13/site-packages/django/urls/base.py", line 98, in reverse
    resolved_url = resolver._reverse_with_prefix(view, prefix, *args, **kwargs)
  File "/Users/sammac/Desktop/org-repo/Scheduler_UI_only/.venv/lib/python3.13/site-packages/django/urls/resolvers.py", line 842, in _reverse_with_prefix
    raise NoReverseMatch(msg)
django.urls.exceptions.NoReverseMatch: Reverse for 'deletesection' with arguments '('CE11/CE12 1st Sem',)' not found. 1 pattern(s) tried: ['delete_section/(?P<pk>[^/]+)/\\Z']
Internal Server Error: /sections_list/
Traceback (most recent call last):
  File "/Users/sammac/Desktop/org-repo/Scheduler_UI_only/.venv/lib/python3.13/site-packages/django/core/handlers/exception.py", line 55, in inner
    response = get_response(request)
  File "/Users/sammac/Desktop/org-repo/Scheduler_UI_only/.venv/lib/python3.13/site-packages/django/core/handlers/base.py", line 198, in _get_response
    response = wrapped_callback(request, *callback_args, **callback_kwargs)
  File "/Users/sammac/Desktop/org-repo/Scheduler_UI_only/.venv/lib/python3.13/site-packages/django/contrib/auth/decorators.py", line 59, in _view_wrapper
    return view_func(request, *args, **kwargs)
  File "/Users/sammac/Desktop/org-repo/Scheduler_UI_only/projttgs/ttgen/views_other.py", line 3867, in section_list
    return render(request, 'seclist.html', {'sections': Section.objects.filter(user=request.user)})
  File "/Users/sammac/Desktop/org-repo/Scheduler_UI_only/.venv/lib/python3.13/site-packages/django/shortcuts.py", line 25, in render
    content = loader.render_to_string(template_name, context, request, using=using)
  File "/Users/sammac/Desktop/org-repo/Scheduler_UI_only/.venv/lib/python3.13/site-packages/django/template/loader.py", line 62, in render_to_string
    return template.render(context, request)
           ~~~~~~~~~~~~~~~^^^^^^^^^^^^^^^^^^
  File "/Users/sammac/Desktop/org-repo/Scheduler_UI_only/.venv/lib/python3.13/site-packages/django/template/backends/django.py", line 107, in render
    return self.template.render(context)
           ~~~~~~~~~~~~~~~~~~~~^^^^^^^^^
  File "/Users/sammac/Desktop/org-repo/Scheduler_UI_only/.venv/lib/python3.13/site-packages/django/template/base.py", line 174, in render
    return self._render(context)
           ~~~~~~~~~~~~^^^^^^^^^
  File "/Users/sammac/Desktop/org-repo/Scheduler_UI_only/.venv/lib/python3.13/site-packages/django/template/base.py", line 166, in _render
    return self.nodelist.render(context)
           ~~~~~~~~~~~~~~~~~~~~^^^^^^^^^
  File "/Users/sammac/Desktop/org-repo/Scheduler_UI_only/.venv/lib/python3.13/site-packages/django/template/base.py", line 1091, in render
    return SafeString("".join([node.render_annotated(context) for node in self]))
                               ~~~~~~~~~~~~~~~~~~~~~^^^^^^^^^
  File "/Users/sammac/Desktop/org-repo/Scheduler_UI_only/.venv/lib/python3.13/site-packages/django/template/base.py", line 1052, in render_annotated
    return self.render(context)
           ~~~~~~~~~~~^^^^^^^^^
  File "/Users/sammac/Desktop/org-repo/Scheduler_UI_only/.venv/lib/python3.13/site-packages/django/template/loader_tags.py", line 160, in render
    return compiled_parent._render(context)
           ~~~~~~~~~~~~~~~~~~~~~~~^^^^^^^^^
  File "/Users/sammac/Desktop/org-repo/Scheduler_UI_only/.venv/lib/python3.13/site-packages/django/template/base.py", line 166, in _render
    return self.nodelist.render(context)
           ~~~~~~~~~~~~~~~~~~~~^^^^^^^^^
  File "/Users/sammac/Desktop/org-repo/Scheduler_UI_only/.venv/lib/python3.13/site-packages/django/template/base.py", line 1091, in render
    return SafeString("".join([node.render_annotated(context) for node in self]))
                               ~~~~~~~~~~~~~~~~~~~~~^^^^^^^^^
  File "/Users/sammac/Desktop/org-repo/Scheduler_UI_only/.venv/lib/python3.13/site-packages/django/template/base.py", line 1052, in render_annotated
    return self.render(context)
           ~~~~~~~~~~~^^^^^^^^^
  File "/Users/sammac/Desktop/org-repo/Scheduler_UI_only/.venv/lib/python3.13/site-packages/django/template/loader_tags.py", line 66, in render
    result = block.nodelist.render(context)
  File "/Users/sammac/Desktop/org-repo/Scheduler_UI_only/.venv/lib/python3.13/site-packages/django/template/base.py", line 1091, in render
    return SafeString("".join([node.render_annotated(context) for node in self]))
                               ~~~~~~~~~~~~~~~~~~~~~^^^^^^^^^
  File "/Users/sammac/Desktop/org-repo/Scheduler_UI_only/.venv/lib/python3.13/site-packages/django/template/base.py", line 1052, in render_annotated
    return self.render(context)
           ~~~~~~~~~~~^^^^^^^^^
  File "/Users/sammac/Desktop/org-repo/Scheduler_UI_only/.venv/lib/python3.13/site-packages/django/template/defaulttags.py", line 249, in render
    nodelist.append(node.render_annotated(context))
                    ~~~~~~~~~~~~~~~~~~~~~^^^^^^^^^
  File "/Users/sammac/Desktop/org-repo/Scheduler_UI_only/.venv/lib/python3.13/site-packages/django/template/base.py", line 1052, in render_annotated
    return self.render(context)
           ~~~~~~~~~~~^^^^^^^^^
  File "/Users/sammac/Desktop/org-repo/Scheduler_UI_only/.venv/lib/python3.13/site-packages/django/template/defaulttags.py", line 511, in render
    url = reverse(view_name, args=args, kwargs=kwargs, current_app=current_app)
  File "/Users/sammac/Desktop/org-repo/Scheduler_UI_only/.venv/lib/python3.13/site-packages/django/urls/base.py", line 98, in reverse
    resolved_url = resolver._reverse_with_prefix(view, prefix, *args, **kwargs)
  File "/Users/sammac/Desktop/org-repo/Scheduler_UI_only/.venv/lib/python3.13/site-packages/django/urls/resolvers.py", line 842, in _reverse_with_prefix
    raise NoReverseMatch(msg)
django.urls.exceptions.NoReverseMatch: Reverse for 'deletesection' with arguments '('CE11/CE12 1st Sem',)' not found. 1 pattern(s) tried: ['delete_section/(?P<pk>[^/]+)/\\Z']
Internal Server Error: /saved_timetables/1/
Traceback (most recent call last):
  File "/Users/sammac/Desktop/org-repo/Scheduler_UI_only/.venv/lib/python3.13/site-packages/django/core/handlers/exception.py", line 55, in inner
    response = get_response(request)
  File "/Users/sammac/Desktop/org-repo/Scheduler_UI_only/.venv/lib/python3.13/site-packages/django/core/handlers/base.py", line 198, in _get_response
    response = wrapped_callback(request, *callback_args, **callback_kwargs)
  File "/Users/sammac/Desktop/org-repo/Scheduler_UI_only/.venv/lib/python3.13/site-packages/django/contrib/auth/decorators.py", line 59, in _view_wrapper
    return view_func(request, *args, **kwargs)
  File "/Users/sammac/Desktop/org-repo/Scheduler_UI_only/projttgs/ttgen/views_other.py", line 1894, in saved_timetable
    return render(request, "saved_timetable.html", context)
  File "/Users/sammac/Desktop/org-repo/Scheduler_UI_only/.venv/lib/python3.13/site-packages/django/shortcuts.py", line 25, in render
    content = loader.render_to_string(template_name, context, request, using=using)
  File "/Users/sammac/Desktop/org-repo/Scheduler_UI_only/.venv/lib/python3.13/site-packages/django/template/loader.py", line 62, in render_to_string
    return template.render(context, request)
           ~~~~~~~~~~~~~~~^^^^^^^^^^^^^^^^^^
  File "/Users/sammac/Desktop/org-repo/Scheduler_UI_only/.venv/lib/python3.13/site-packages/django/template/backends/django.py", line 107, in render
    return self.template.render(context)
           ~~~~~~~~~~~~~~~~~~~~^^^^^^^^^
  File "/Users/sammac/Desktop/org-repo/Scheduler_UI_only/.venv/lib/python3.13/site-packages/django/template/base.py", line 174, in render
    return self._render(context)
           ~~~~~~~~~~~~^^^^^^^^^
  File "/Users/sammac/Desktop/org-repo/Scheduler_UI_only/.venv/lib/python3.13/site-packages/django/template/base.py", line 166, in _render
    return self.nodelist.render(context)
           ~~~~~~~~~~~~~~~~~~~~^^^^^^^^^
  File "/Users/sammac/Desktop/org-repo/Scheduler_UI_only/.venv/lib/python3.13/site-packages/django/template/base.py", line 1091, in render
    return SafeString("".join([node.render_annotated(context) for node in self]))
                               ~~~~~~~~~~~~~~~~~~~~~^^^^^^^^^
  File "/Users/sammac/Desktop/org-repo/Scheduler_UI_only/.venv/lib/python3.13/site-packages/django/template/base.py", line 1052, in render_annotated
    return self.render(context)
           ~~~~~~~~~~~^^^^^^^^^
  File "/Users/sammac/Desktop/org-repo/Scheduler_UI_only/.venv/lib/python3.13/site-packages/django/template/defaulttags.py", line 249, in render
    nodelist.append(node.render_annotated(context))
                    ~~~~~~~~~~~~~~~~~~~~~^^^^^^^^^
  File "/Users/sammac/Desktop/org-repo/Scheduler_UI_only/.venv/lib/python3.13/site-packages/django/template/base.py", line 1052, in render_annotated
    return self.render(context)
           ~~~~~~~~~~~^^^^^^^^^
  File "/Users/sammac/Desktop/org-repo/Scheduler_UI_only/.venv/lib/python3.13/site-packages/django/template/defaulttags.py", line 333, in render
    return nodelist.render(context)
           ~~~~~~~~~~~~~~~^^^^^^^^^
  File "/Users/sammac/Desktop/org-repo/Scheduler_UI_only/.venv/lib/python3.13/site-packages/django/template/base.py", line 1091, in render
    return SafeString("".join([node.render_annotated(context) for node in self]))
                               ~~~~~~~~~~~~~~~~~~~~~^^^^^^^^^
  File "/Users/sammac/Desktop/org-repo/Scheduler_UI_only/.venv/lib/python3.13/site-packages/django/template/base.py", line 1052, in render_annotated
    return self.render(context)
           ~~~~~~~~~~~^^^^^^^^^
  File "/Users/sammac/Desktop/org-repo/Scheduler_UI_only/.venv/lib/python3.13/site-packages/django/template/defaulttags.py", line 511, in render
    url = reverse(view_name, args=args, kwargs=kwargs, current_app=current_app)
  File "/Users/sammac/Desktop/org-repo/Scheduler_UI_only/.venv/lib/python3.13/site-packages/django/urls/base.py", line 98, in reverse
    resolved_url = resolver._reverse_with_prefix(view, prefix, *args, **kwargs)
  File "/Users/sammac/Desktop/org-repo/Scheduler_UI_only/.venv/lib/python3.13/site-packages/django/urls/resolvers.py", line 842, in _reverse_with_prefix
    raise NoReverseMatch(msg)
django.urls.exceptions.NoReverseMatch: Reverse for 'saved_add_slot' with arguments '(1, 'MSCCHE(Isem)/BSCCHE(VIIsem)')' not found. 1 pattern(s) tried: ['saved/(?P<tid>[0-9]+)/add/(?P<section>[^/]+)/\\Z']
Internal Server Error: /saved_timetables/2/
Traceback (most recent call last):
  File "/Users/sammac/Desktop/org-repo/Scheduler_UI_only/.venv/lib/python3.13/site-packages/django/core/handlers/exception.py", line 55, in inner
    response = get_response(request)
  File "/Users/sammac/Desktop/org-repo/Scheduler_UI_only/.venv/lib/python3.13/site-packages/django/core/handlers/base.py", line 198, in _get_response
    response = wrapped_callback(request, *callback_args, **callback_kwargs)
  File "/Users/sammac/Desktop/org-repo/Scheduler_UI_only/.venv/lib/python3.13/site-packages/django/contrib/auth/decorators.py", line 59, in _view_wrapper
    return view_func(request, *args, **kwargs)
  File "/Users/sammac/Desktop/org-repo/Scheduler_UI_only/projttgs/ttgen/views_other.py", line 1894, in saved_timetable
    return render(request, "saved_timetable.html", context)
  File "/Users/sammac/Desktop/org-repo/Scheduler_UI_only/.venv/lib/python3.13/site-packages/django/shortcuts.py", line 25, in render
    content = loader.render_to_string(template_name, context, request, using=using)
  File "/Users/sammac/Desktop/org-repo/Scheduler_UI_only/.venv/lib/python3.13/site-packages/django/template/loader.py", line 62, in render_to_string
    return template.render(context, request)
           ~~~~~~~~~~~~~~~^^^^^^^^^^^^^^^^^^
  File "/Users/sammac/Desktop/org-repo/Scheduler_UI_only/.venv/lib/python3.13/site-packages/django/template/backends/django.py", line 107, in render
    return self.template.render(context)
           ~~~~~~~~~~~~~~~~~~~~^^^^^^^^^
  File "/Users/sammac/Desktop/org-repo/Scheduler_UI_only/.venv/lib/python3.13/site-packages/django/template/base.py", line 174, in render
    return self._render(context)
           ~~~~~~~~~~~~^^^^^^^^^
  File "/Users/sammac/Desktop/org-repo/Scheduler_UI_only/.venv/lib/python3.13/site-packages/django/template/base.py", line 166, in _render
    return self.nodelist.render(context)
           ~~~~~~~~~~~~~~~~~~~~^^^^^^^^^
  File "/Users/sammac/Desktop/org-repo/Scheduler_UI_only/.venv/lib/python3.13/site-packages/django/template/base.py", line 1091, in render
    return SafeString("".join([node.render_annotated(context) for node in self]))
                               ~~~~~~~~~~~~~~~~~~~~~^^^^^^^^^
  File "/Users/sammac/Desktop/org-repo/Scheduler_UI_only/.venv/lib/python3.13/site-packages/django/template/base.py", line 1052, in render_annotated
    return self.render(context)
           ~~~~~~~~~~~^^^^^^^^^
  File "/Users/sammac/Desktop/org-repo/Scheduler_UI_only/.venv/lib/python3.13/site-packages/django/template/defaulttags.py", line 249, in render
    nodelist.append(node.render_annotated(context))
                    ~~~~~~~~~~~~~~~~~~~~~^^^^^^^^^
  File "/Users/sammac/Desktop/org-repo/Scheduler_UI_only/.venv/lib/python3.13/site-packages/django/template/base.py", line 1052, in render_annotated
    return self.render(context)
           ~~~~~~~~~~~^^^^^^^^^
  File "/Users/sammac/Desktop/org-repo/Scheduler_UI_only/.venv/lib/python3.13/site-packages/django/template/defaulttags.py", line 333, in render
    return nodelist.render(context)
           ~~~~~~~~~~~~~~~^^^^^^^^^
  File "/Users/sammac/Desktop/org-repo/Scheduler_UI_only/.venv/lib/python3.13/site-packages/django/template/base.py", line 1091, in render
    return SafeString("".join([node.render_annotated(context) for node in self]))
                               ~~~~~~~~~~~~~~~~~~~~~^^^^^^^^^
  File "/Users/sammac/Desktop/org-repo/Scheduler_UI_only/.venv/lib/python3.13/site-packages/django/template/base.py", line 1052, in render_annotated
    return self.render(context)
           ~~~~~~~~~~~^^^^^^^^^
  File "/Users/sammac/Desktop/org-repo/Scheduler_UI_only/.venv/lib/python3.13/site-packages/django/template/defaulttags.py", line 511, in render
    url = reverse(view_name, args=args, kwargs=kwargs, current_app=current_app)
  File "/Users/sammac/Desktop/org-repo/Scheduler_UI_only/.venv/lib/python3.13/site-packages/django/urls/base.py", line 98, in reverse
    resolved_url = resolver._reverse_with_prefix(view, prefix, *args, **kwargs)
  File "/Users/sammac/Desktop/org-repo/Scheduler_UI_only/.venv/lib/python3.13/site-packages/django/urls/resolvers.py", line 842, in _reverse_with_prefix
    raise NoReverseMatch(msg)
django.urls.exceptions.NoReverseMatch: Reverse for 'saved_add_slot' with arguments '(2, 'MSCCHE(Isem)/BSCCHE(VIIsem)')' not found. 1 pattern(s) tried: ['saved/(?P<tid>[0-9]+)/add/(?P<section>[^/]+)/\\Z']
Internal Server Error: /generate_timetable/
Internal Server Error: /generate_timetable/
Internal Server Error: /generate_timetable/
Internal Server Error: /generate_timetable/
Internal Server Error: /generate_timetable/
Internal Server Error: /generate_timetable/
Internal Server Error: /generate_timetable/
Internal Server Error: /generate_timetable/
Internal Server Error: /generate_timetable/
Internal Server Error: /generate_timetable/
Internal Server Error: /timetable/1/departments/
Traceback (most recent call last):
  File "/Users/sammac/Desktop/org-repo/Scheduler_UI_only/.venv/lib/python3.13/site-packages/django/contrib/sessions/backends/base.py", line 246, in _get_session
    return self._session_cache
           ^^^^^^^^^^^^^^^^^^^
AttributeError: 'SessionStore' object has no attribute '_session_cache'

During handling of the above exception, another exception occurred:

Traceback (most recent call last):
  File "/Users/sammac/Desktop/org-repo/Scheduler_UI_only/.venv/lib/python3.13/site-packages/django/db/backends/utils.py", line 105, in _execute
    return self.cursor.execute(sql, params)
           ~~~~~~~~~~~~~~~~~~~^^^^^^^^^^^^^
  File "/Users/sammac/Desktop/org-repo/Scheduler_UI_only/.venv/lib/python3.13/site-packages/django/db/backends/sqlite3/base.py", line 359, in execute
    return super().execute(query, params)
           ~~~~~~~~~~~~~~~^^^^^^^^^^^^^^^
sqlite3.OperationalError: no such table: django_session

The above exception was the direct cause of the following exception:

Traceback (most recent call last):
  File "/Users/sammac/Desktop/org-repo/Scheduler_UI_only/.venv/lib/python3.13/site-packages/django/core/handlers/exception.py", line 55, in inner
    response = get_response(request)
  File "/Users/sammac/Desktop/org-repo/Scheduler_UI_only/projttgs/ttgen/superadmin_views.py", line 2594, in __call__
    request.session.get(SESSION_FLAG)
    ~~~~~~~~~~~~~~~~~~~^^^^^^^^^^^^^^
  File "/Users/sammac/Desktop/org-repo/Scheduler_UI_only/.venv/lib/python3.13/site-packages/django/contrib/sessions/backends/base.py", line 74, in get
    return self._session.get(key, default)
           ^^^^^^^^^^^^^
  File "/Users/sammac/Desktop/org-repo/Scheduler_UI_only/.venv/lib/python3.13/site-packages/django/contrib/sessions/backends/base.py", line 251, in _get_session
    self._session_cache = self.load()
                          ~~~~~~~~~^^
  File "/Users/sammac/Desktop/org-repo/Scheduler_UI_only/.venv/lib/python3.13/site-packages/django/contrib/sessions/backends/db.py", line 55, in load
    s = self._get_session_from_db()
  File "/Users/sammac/Desktop/org-repo/Scheduler_UI_only/.venv/lib/python3.13/site-packages/django/contrib/sessions/backends/db.py", line 34, in _get_session_from_db
    return self.model.objects.get(
           ~~~~~~~~~~~~~~~~~~~~~~^
        session_key=self.session_key, expire_date__gt=timezone.now()
        ^^^^^^^^^^^^^^^^^^^^^^^^^^^^^^^^^^^^^^^^^^^^^^^^^^^^^^^^^^^^
    )
    ^
  File "/Users/sammac/Desktop/org-repo/Scheduler_UI_only/.venv/lib/python3.13/site-packages/django/db/models/manager.py", line 87, in manager_method
    return getattr(self.get_queryset(), name)(*args, **kwargs)
           ~~~~~~~~~~~~~~~~~~~~~~~~~~~~~~~~~~^^^^^^^^^^^^^^^^^
  File "/Users/sammac/Desktop/org-repo/Scheduler_UI_only/.venv/lib/python3.13/site-packages/django/db/models/query.py", line 635, in get
    num = len(clone)
  File "/Users/sammac/Desktop/org-repo/Scheduler_UI_only/.venv/lib/python3.13/site-packages/django/db/models/query.py", line 372, in __len__
    self._fetch_all()
    ~~~~~~~~~~~~~~~^^
  File "/Users/sammac/Desktop/org-repo/Scheduler_UI_only/.venv/lib/python3.13/site-packages/django/db/models/query.py", line 2000, in _fetch_all
    self._result_cache = list(self._iterable_class(self))
                         ~~~~^^^^^^^^^^^^^^^^^^^^^^^^^^^^
  File "/Users/sammac/Desktop/org-repo/Scheduler_UI_only/.venv/lib/python3.13/site-packages/django/db/models/query.py", line 95, in __iter__
    results = compiler.execute_sql(
        chunked_fetch=self.chunked_fetch, chunk_size=self.chunk_size
    )
  File "/Users/sammac/Desktop/org-repo/Scheduler_UI_only/.venv/lib/python3.13/site-packages/django/db/models/sql/compiler.py", line 1624, in execute_sql
    cursor.execute(sql, params)
    ~~~~~~~~~~~~~~^^^^^^^^^^^^^
  File "/Users/sammac/Desktop/org-repo/Scheduler_UI_only/.venv/lib/python3.13/site-packages/django/db/backends/utils.py", line 79, in execute
    return self._execute_with_wrappers(
           ~~~~~~~~~~~~~~~~~~~~~~~~~~~^
        sql, params, many=False, executor=self._execute
        ^^^^^^^^^^^^^^^^^^^^^^^^^^^^^^^^^^^^^^^^^^^^^^^
    )
    ^
  File "/Users/sammac/Desktop/org-repo/Scheduler_UI_only/.venv/lib/python3.13/site-packages/django/db/backends/utils.py", line 92, in _execute_with_wrappers
    return executor(sql, params, many, context)
  File "/Users/sammac/Desktop/org-repo/Scheduler_UI_only/.venv/lib/python3.13/site-packages/django/db/backends/utils.py", line 100, in _execute
    with self.db.wrap_database_errors:
         ^^^^^^^^^^^^^^^^^^^^^^^^^^^^
  File "/Users/sammac/Desktop/org-repo/Scheduler_UI_only/.venv/lib/python3.13/site-packages/django/db/utils.py", line 94, in __exit__
    raise dj_exc_value.with_traceback(traceback) from exc_value
  File "/Users/sammac/Desktop/org-repo/Scheduler_UI_only/.venv/lib/python3.13/site-packages/django/db/backends/utils.py", line 105, in _execute
    return self.cursor.execute(sql, params)
           ~~~~~~~~~~~~~~~~~~~^^^^^^^^^^^^^
  File "/Users/sammac/Desktop/org-repo/Scheduler_UI_only/.venv/lib/python3.13/site-packages/django/db/backends/sqlite3/base.py", line 359, in execute
    return super().execute(query, params)
           ~~~~~~~~~~~~~~~^^^^^^^^^^^^^^^
django.db.utils.OperationalError: no such table: django_session
Internal Server Error: /
Traceback (most recent call last):
  File "/Users/sammac/Desktop/org-repo/Scheduler_UI_only/.venv/lib/python3.13/site-packages/django/contrib/sessions/backends/base.py", line 246, in _get_session
    return self._session_cache
           ^^^^^^^^^^^^^^^^^^^
AttributeError: 'SessionStore' object has no attribute '_session_cache'

During handling of the above exception, another exception occurred:

Traceback (most recent call last):
  File "/Users/sammac/Desktop/org-repo/Scheduler_UI_only/.venv/lib/python3.13/site-packages/django/db/backends/utils.py", line 105, in _execute
    return self.cursor.execute(sql, params)
           ~~~~~~~~~~~~~~~~~~~^^^^^^^^^^^^^
  File "/Users/sammac/Desktop/org-repo/Scheduler_UI_only/.venv/lib/python3.13/site-packages/django/db/backends/sqlite3/base.py", line 359, in execute
    return super().execute(query, params)
           ~~~~~~~~~~~~~~~^^^^^^^^^^^^^^^
sqlite3.OperationalError: no such table: django_session

The above exception was the direct cause of the following exception:

Traceback (most recent call last):
  File "/Users/sammac/Desktop/org-repo/Scheduler_UI_only/.venv/lib/python3.13/site-packages/django/core/handlers/exception.py", line 55, in inner
    response = get_response(request)
  File "/Users/sammac/Desktop/org-repo/Scheduler_UI_only/projttgs/ttgen/superadmin_views.py", line 2594, in __call__
    request.session.get(SESSION_FLAG)
    ~~~~~~~~~~~~~~~~~~~^^^^^^^^^^^^^^
  File "/Users/sammac/Desktop/org-repo/Scheduler_UI_only/.venv/lib/python3.13/site-packages/django/contrib/sessions/backends/base.py", line 74, in get
    return self._session.get(key, default)
           ^^^^^^^^^^^^^
  File "/Users/sammac/Desktop/org-repo/Scheduler_UI_only/.venv/lib/python3.13/site-packages/django/contrib/sessions/backends/base.py", line 251, in _get_session
    self._session_cache = self.load()
                          ~~~~~~~~~^^
  File "/Users/sammac/Desktop/org-repo/Scheduler_UI_only/.venv/lib/python3.13/site-packages/django/contrib/sessions/backends/db.py", line 55, in load
    s = self._get_session_from_db()
  File "/Users/sammac/Desktop/org-repo/Scheduler_UI_only/.venv/lib/python3.13/site-packages/django/contrib/sessions/backends/db.py", line 34, in _get_session_from_db
    return self.model.objects.get(
           ~~~~~~~~~~~~~~~~~~~~~~^
        session_key=self.session_key, expire_date__gt=timezone.now()
        ^^^^^^^^^^^^^^^^^^^^^^^^^^^^^^^^^^^^^^^^^^^^^^^^^^^^^^^^^^^^
    )
    ^
  File "/Users/sammac/Desktop/org-repo/Scheduler_UI_only/.venv/lib/python3.13/site-packages/django/db/models/manager.py", line 87, in manager_method
    return getattr(self.get_queryset(), name)(*args, **kwargs)
           ~~~~~~~~~~~~~~~~~~~~~~~~~~~~~~~~~~^^^^^^^^^^^^^^^^^
  File "/Users/sammac/Desktop/org-repo/Scheduler_UI_only/.venv/lib/python3.13/site-packages/django/db/models/query.py", line 635, in get
    num = len(clone)
  File "/Users/sammac/Desktop/org-repo/Scheduler_UI_only/.venv/lib/python3.13/site-packages/django/db/models/query.py", line 372, in __len__
    self._fetch_all()
    ~~~~~~~~~~~~~~~^^
  File "/Users/sammac/Desktop/org-repo/Scheduler_UI_only/.venv/lib/python3.13/site-packages/django/db/models/query.py", line 2000, in _fetch_all
    self._result_cache = list(self._iterable_class(self))
                         ~~~~^^^^^^^^^^^^^^^^^^^^^^^^^^^^
  File "/Users/sammac/Desktop/org-repo/Scheduler_UI_only/.venv/lib/python3.13/site-packages/django/db/models/query.py", line 95, in __iter__
    results = compiler.execute_sql(
        chunked_fetch=self.chunked_fetch, chunk_size=self.chunk_size
    )
  File "/Users/sammac/Desktop/org-repo/Scheduler_UI_only/.venv/lib/python3.13/site-packages/django/db/models/sql/compiler.py", line 1624, in execute_sql
    cursor.execute(sql, params)
    ~~~~~~~~~~~~~~^^^^^^^^^^^^^
  File "/Users/sammac/Desktop/org-repo/Scheduler_UI_only/.venv/lib/python3.13/site-packages/django/db/backends/utils.py", line 79, in execute
    return self._execute_with_wrappers(
           ~~~~~~~~~~~~~~~~~~~~~~~~~~~^
        sql, params, many=False, executor=self._execute
        ^^^^^^^^^^^^^^^^^^^^^^^^^^^^^^^^^^^^^^^^^^^^^^^
    )
    ^
  File "/Users/sammac/Desktop/org-repo/Scheduler_UI_only/.venv/lib/python3.13/site-packages/django/db/backends/utils.py", line 92, in _execute_with_wrappers
    return executor(sql, params, many, context)
  File "/Users/sammac/Desktop/org-repo/Scheduler_UI_only/.venv/lib/python3.13/site-packages/django/db/backends/utils.py", line 100, in _execute
    with self.db.wrap_database_errors:
         ^^^^^^^^^^^^^^^^^^^^^^^^^^^^
  File "/Users/sammac/Desktop/org-repo/Scheduler_UI_only/.venv/lib/python3.13/site-packages/django/db/utils.py", line 94, in __exit__
    raise dj_exc_value.with_traceback(traceback) from exc_value
  File "/Users/sammac/Desktop/org-repo/Scheduler_UI_only/.venv/lib/python3.13/site-packages/django/db/backends/utils.py", line 105, in _execute
    return self.cursor.execute(sql, params)
           ~~~~~~~~~~~~~~~~~~~^^^^^^^^^^^^^
  File "/Users/sammac/Desktop/org-repo/Scheduler_UI_only/.venv/lib/python3.13/site-packages/django/db/backends/sqlite3/base.py", line 359, in execute
    return super().execute(query, params)
           ~~~~~~~~~~~~~~~^^^^^^^^^^^^^^^
django.db.utils.OperationalError: no such table: django_session
Internal Server Error: /favicon.ico
Traceback (most recent call last):
  File "/Users/sammac/Desktop/org-repo/Scheduler_UI_only/.venv/lib/python3.13/site-packages/django/contrib/sessions/backends/base.py", line 246, in _get_session
    return self._session_cache
           ^^^^^^^^^^^^^^^^^^^
AttributeError: 'SessionStore' object has no attribute '_session_cache'

During handling of the above exception, another exception occurred:

Traceback (most recent call last):
  File "/Users/sammac/Desktop/org-repo/Scheduler_UI_only/.venv/lib/python3.13/site-packages/django/db/backends/utils.py", line 105, in _execute
    return self.cursor.execute(sql, params)
           ~~~~~~~~~~~~~~~~~~~^^^^^^^^^^^^^
  File "/Users/sammac/Desktop/org-repo/Scheduler_UI_only/.venv/lib/python3.13/site-packages/django/db/backends/sqlite3/base.py", line 359, in execute
    return super().execute(query, params)
           ~~~~~~~~~~~~~~~^^^^^^^^^^^^^^^
sqlite3.OperationalError: no such table: django_session

The above exception was the direct cause of the following exception:

Traceback (most recent call last):
  File "/Users/sammac/Desktop/org-repo/Scheduler_UI_only/.venv/lib/python3.13/site-packages/django/core/handlers/exception.py", line 55, in inner
    response = get_response(request)
  File "/Users/sammac/Desktop/org-repo/Scheduler_UI_only/projttgs/ttgen/superadmin_views.py", line 2594, in __call__
    request.session.get(SESSION_FLAG)
    ~~~~~~~~~~~~~~~~~~~^^^^^^^^^^^^^^
  File "/Users/sammac/Desktop/org-repo/Scheduler_UI_only/.venv/lib/python3.13/site-packages/django/contrib/sessions/backends/base.py", line 74, in get
    return self._session.get(key, default)
           ^^^^^^^^^^^^^
  File "/Users/sammac/Desktop/org-repo/Scheduler_UI_only/.venv/lib/python3.13/site-packages/django/contrib/sessions/backends/base.py", line 251, in _get_session
    self._session_cache = self.load()
                          ~~~~~~~~~^^
  File "/Users/sammac/Desktop/org-repo/Scheduler_UI_only/.venv/lib/python3.13/site-packages/django/contrib/sessions/backends/db.py", line 55, in load
    s = self._get_session_from_db()
  File "/Users/sammac/Desktop/org-repo/Scheduler_UI_only/.venv/lib/python3.13/site-packages/django/contrib/sessions/backends/db.py", line 34, in _get_session_from_db
    return self.model.objects.get(
           ~~~~~~~~~~~~~~~~~~~~~~^
        session_key=self.session_key, expire_date__gt=timezone.now()
        ^^^^^^^^^^^^^^^^^^^^^^^^^^^^^^^^^^^^^^^^^^^^^^^^^^^^^^^^^^^^
    )
    ^
  File "/Users/sammac/Desktop/org-repo/Scheduler_UI_only/.venv/lib/python3.13/site-packages/django/db/models/manager.py", line 87, in manager_method
    return getattr(self.get_queryset(), name)(*args, **kwargs)
           ~~~~~~~~~~~~~~~~~~~~~~~~~~~~~~~~~~^^^^^^^^^^^^^^^^^
  File "/Users/sammac/Desktop/org-repo/Scheduler_UI_only/.venv/lib/python3.13/site-packages/django/db/models/query.py", line 635, in get
    num = len(clone)
  File "/Users/sammac/Desktop/org-repo/Scheduler_UI_only/.venv/lib/python3.13/site-packages/django/db/models/query.py", line 372, in __len__
    self._fetch_all()
    ~~~~~~~~~~~~~~~^^
  File "/Users/sammac/Desktop/org-repo/Scheduler_UI_only/.venv/lib/python3.13/site-packages/django/db/models/query.py", line 2000, in _fetch_all
    self._result_cache = list(self._iterable_class(self))
                         ~~~~^^^^^^^^^^^^^^^^^^^^^^^^^^^^
  File "/Users/sammac/Desktop/org-repo/Scheduler_UI_only/.venv/lib/python3.13/site-packages/django/db/models/query.py", line 95, in __iter__
    results = compiler.execute_sql(
        chunked_fetch=self.chunked_fetch, chunk_size=self.chunk_size
    )
  File "/Users/sammac/Desktop/org-repo/Scheduler_UI_only/.venv/lib/python3.13/site-packages/django/db/models/sql/compiler.py", line 1624, in execute_sql
    cursor.execute(sql, params)
    ~~~~~~~~~~~~~~^^^^^^^^^^^^^
  File "/Users/sammac/Desktop/org-repo/Scheduler_UI_only/.venv/lib/python3.13/site-packages/django/db/backends/utils.py", line 79, in execute
    return self._execute_with_wrappers(
           ~~~~~~~~~~~~~~~~~~~~~~~~~~~^
        sql, params, many=False, executor=self._execute
        ^^^^^^^^^^^^^^^^^^^^^^^^^^^^^^^^^^^^^^^^^^^^^^^
    )
    ^
  File "/Users/sammac/Desktop/org-repo/Scheduler_UI_only/.venv/lib/python3.13/site-packages/django/db/backends/utils.py", line 92, in _execute_with_wrappers
    return executor(sql, params, many, context)
  File "/Users/sammac/Desktop/org-repo/Scheduler_UI_only/.venv/lib/python3.13/site-packages/django/db/backends/utils.py", line 100, in _execute
    with self.db.wrap_database_errors:
         ^^^^^^^^^^^^^^^^^^^^^^^^^^^^
  File "/Users/sammac/Desktop/org-repo/Scheduler_UI_only/.venv/lib/python3.13/site-packages/django/db/utils.py", line 94, in __exit__
    raise dj_exc_value.with_traceback(traceback) from exc_value
  File "/Users/sammac/Desktop/org-repo/Scheduler_UI_only/.venv/lib/python3.13/site-packages/django/db/backends/utils.py", line 105, in _execute
    return self.cursor.execute(sql, params)
           ~~~~~~~~~~~~~~~~~~~^^^^^^^^^^^^^
  File "/Users/sammac/Desktop/org-repo/Scheduler_UI_only/.venv/lib/python3.13/site-packages/django/db/backends/sqlite3/base.py", line 359, in execute
    return super().execute(query, params)
           ~~~~~~~~~~~~~~~^^^^^^^^^^^^^^^
django.db.utils.OperationalError: no such table: django_session
Internal Server Error: /
Traceback (most recent call last):
  File "/Users/sammac/Desktop/org-repo/Scheduler_UI_only/.venv/lib/python3.13/site-packages/django/contrib/sessions/backends/base.py", line 246, in _get_session
    return self._session_cache
           ^^^^^^^^^^^^^^^^^^^
AttributeError: 'SessionStore' object has no attribute '_session_cache'

During handling of the above exception, another exception occurred:

Traceback (most recent call last):
  File "/Users/sammac/Desktop/org-repo/Scheduler_UI_only/.venv/lib/python3.13/site-packages/django/db/backends/utils.py", line 105, in _execute
    return self.cursor.execute(sql, params)
           ~~~~~~~~~~~~~~~~~~~^^^^^^^^^^^^^
  File "/Users/sammac/Desktop/org-repo/Scheduler_UI_only/.venv/lib/python3.13/site-packages/django/db/backends/sqlite3/base.py", line 359, in execute
    return super().execute(query, params)
           ~~~~~~~~~~~~~~~^^^^^^^^^^^^^^^
sqlite3.OperationalError: no such table: django_session

The above exception was the direct cause of the following exception:

Traceback (most recent call last):
  File "/Users/sammac/Desktop/org-repo/Scheduler_UI_only/.venv/lib/python3.13/site-packages/django/core/handlers/exception.py", line 55, in inner
    response = get_response(request)
  File "/Users/sammac/Desktop/org-repo/Scheduler_UI_only/projttgs/ttgen/superadmin_views.py", line 2594, in __call__
    request.session.get(SESSION_FLAG)
    ~~~~~~~~~~~~~~~~~~~^^^^^^^^^^^^^^
  File "/Users/sammac/Desktop/org-repo/Scheduler_UI_only/.venv/lib/python3.13/site-packages/django/contrib/sessions/backends/base.py", line 74, in get
    return self._session.get(key, default)
           ^^^^^^^^^^^^^
  File "/Users/sammac/Desktop/org-repo/Scheduler_UI_only/.venv/lib/python3.13/site-packages/django/contrib/sessions/backends/base.py", line 251, in _get_session
    self._session_cache = self.load()
                          ~~~~~~~~~^^
  File "/Users/sammac/Desktop/org-repo/Scheduler_UI_only/.venv/lib/python3.13/site-packages/django/contrib/sessions/backends/db.py", line 55, in load
    s = self._get_session_from_db()
  File "/Users/sammac/Desktop/org-repo/Scheduler_UI_only/.venv/lib/python3.13/site-packages/django/contrib/sessions/backends/db.py", line 34, in _get_session_from_db
    return self.model.objects.get(
           ~~~~~~~~~~~~~~~~~~~~~~^
        session_key=self.session_key, expire_date__gt=timezone.now()
        ^^^^^^^^^^^^^^^^^^^^^^^^^^^^^^^^^^^^^^^^^^^^^^^^^^^^^^^^^^^^
    )
    ^
  File "/Users/sammac/Desktop/org-repo/Scheduler_UI_only/.venv/lib/python3.13/site-packages/django/db/models/manager.py", line 87, in manager_method
    return getattr(self.get_queryset(), name)(*args, **kwargs)
           ~~~~~~~~~~~~~~~~~~~~~~~~~~~~~~~~~~^^^^^^^^^^^^^^^^^
  File "/Users/sammac/Desktop/org-repo/Scheduler_UI_only/.venv/lib/python3.13/site-packages/django/db/models/query.py", line 635, in get
    num = len(clone)
  File "/Users/sammac/Desktop/org-repo/Scheduler_UI_only/.venv/lib/python3.13/site-packages/django/db/models/query.py", line 372, in __len__
    self._fetch_all()
    ~~~~~~~~~~~~~~~^^
  File "/Users/sammac/Desktop/org-repo/Scheduler_UI_only/.venv/lib/python3.13/site-packages/django/db/models/query.py", line 2000, in _fetch_all
    self._result_cache = list(self._iterable_class(self))
                         ~~~~^^^^^^^^^^^^^^^^^^^^^^^^^^^^
  File "/Users/sammac/Desktop/org-repo/Scheduler_UI_only/.venv/lib/python3.13/site-packages/django/db/models/query.py", line 95, in __iter__
    results = compiler.execute_sql(
        chunked_fetch=self.chunked_fetch, chunk_size=self.chunk_size
    )
  File "/Users/sammac/Desktop/org-repo/Scheduler_UI_only/.venv/lib/python3.13/site-packages/django/db/models/sql/compiler.py", line 1624, in execute_sql
    cursor.execute(sql, params)
    ~~~~~~~~~~~~~~^^^^^^^^^^^^^
  File "/Users/sammac/Desktop/org-repo/Scheduler_UI_only/.venv/lib/python3.13/site-packages/django/db/backends/utils.py", line 79, in execute
    return self._execute_with_wrappers(
           ~~~~~~~~~~~~~~~~~~~~~~~~~~~^
        sql, params, many=False, executor=self._execute
        ^^^^^^^^^^^^^^^^^^^^^^^^^^^^^^^^^^^^^^^^^^^^^^^
    )
    ^
  File "/Users/sammac/Desktop/org-repo/Scheduler_UI_only/.venv/lib/python3.13/site-packages/django/db/backends/utils.py", line 92, in _execute_with_wrappers
    return executor(sql, params, many, context)
  File "/Users/sammac/Desktop/org-repo/Scheduler_UI_only/.venv/lib/python3.13/site-packages/django/db/backends/utils.py", line 100, in _execute
    with self.db.wrap_database_errors:
         ^^^^^^^^^^^^^^^^^^^^^^^^^^^^
  File "/Users/sammac/Desktop/org-repo/Scheduler_UI_only/.venv/lib/python3.13/site-packages/django/db/utils.py", line 94, in __exit__
    raise dj_exc_value.with_traceback(traceback) from exc_value
  File "/Users/sammac/Desktop/org-repo/Scheduler_UI_only/.venv/lib/python3.13/site-packages/django/db/backends/utils.py", line 105, in _execute
    return self.cursor.execute(sql, params)
           ~~~~~~~~~~~~~~~~~~~^^^^^^^^^^^^^
  File "/Users/sammac/Desktop/org-repo/Scheduler_UI_only/.venv/lib/python3.13/site-packages/django/db/backends/sqlite3/base.py", line 359, in execute
    return super().execute(query, params)
           ~~~~~~~~~~~~~~~^^^^^^^^^^^^^^^
django.db.utils.OperationalError: no such table: django_session
Internal Server Error: /favicon.ico
Traceback (most recent call last):
  File "/Users/sammac/Desktop/org-repo/Scheduler_UI_only/.venv/lib/python3.13/site-packages/django/contrib/sessions/backends/base.py", line 246, in _get_session
    return self._session_cache
           ^^^^^^^^^^^^^^^^^^^
AttributeError: 'SessionStore' object has no attribute '_session_cache'

During handling of the above exception, another exception occurred:

Traceback (most recent call last):
  File "/Users/sammac/Desktop/org-repo/Scheduler_UI_only/.venv/lib/python3.13/site-packages/django/db/backends/utils.py", line 105, in _execute
    return self.cursor.execute(sql, params)
           ~~~~~~~~~~~~~~~~~~~^^^^^^^^^^^^^
  File "/Users/sammac/Desktop/org-repo/Scheduler_UI_only/.venv/lib/python3.13/site-packages/django/db/backends/sqlite3/base.py", line 359, in execute
    return super().execute(query, params)
           ~~~~~~~~~~~~~~~^^^^^^^^^^^^^^^
sqlite3.OperationalError: no such table: django_session

The above exception was the direct cause of the following exception:

Traceback (most recent call last):
  File "/Users/sammac/Desktop/org-repo/Scheduler_UI_only/.venv/lib/python3.13/site-packages/django/core/handlers/exception.py", line 55, in inner
    response = get_response(request)
  File "/Users/sammac/Desktop/org-repo/Scheduler_UI_only/projttgs/ttgen/superadmin_views.py", line 2594, in __call__
    request.session.get(SESSION_FLAG)
    ~~~~~~~~~~~~~~~~~~~^^^^^^^^^^^^^^
  File "/Users/sammac/Desktop/org-repo/Scheduler_UI_only/.venv/lib/python3.13/site-packages/django/contrib/sessions/backends/base.py", line 74, in get
    return self._session.get(key, default)
           ^^^^^^^^^^^^^
  File "/Users/sammac/Desktop/org-repo/Scheduler_UI_only/.venv/lib/python3.13/site-packages/django/contrib/sessions/backends/base.py", line 251, in _get_session
    self._session_cache = self.load()
                          ~~~~~~~~~^^
  File "/Users/sammac/Desktop/org-repo/Scheduler_UI_only/.venv/lib/python3.13/site-packages/django/contrib/sessions/backends/db.py", line 55, in load
    s = self._get_session_from_db()
  File "/Users/sammac/Desktop/org-repo/Scheduler_UI_only/.venv/lib/python3.13/site-packages/django/contrib/sessions/backends/db.py", line 34, in _get_session_from_db
    return self.model.objects.get(
           ~~~~~~~~~~~~~~~~~~~~~~^
        session_key=self.session_key, expire_date__gt=timezone.now()
        ^^^^^^^^^^^^^^^^^^^^^^^^^^^^^^^^^^^^^^^^^^^^^^^^^^^^^^^^^^^^
    )
    ^
  File "/Users/sammac/Desktop/org-repo/Scheduler_UI_only/.venv/lib/python3.13/site-packages/django/db/models/manager.py", line 87, in manager_method
    return getattr(self.get_queryset(), name)(*args, **kwargs)
           ~~~~~~~~~~~~~~~~~~~~~~~~~~~~~~~~~~^^^^^^^^^^^^^^^^^
  File "/Users/sammac/Desktop/org-repo/Scheduler_UI_only/.venv/lib/python3.13/site-packages/django/db/models/query.py", line 635, in get
    num = len(clone)
  File "/Users/sammac/Desktop/org-repo/Scheduler_UI_only/.venv/lib/python3.13/site-packages/django/db/models/query.py", line 372, in __len__
    self._fetch_all()
    ~~~~~~~~~~~~~~~^^
  File "/Users/sammac/Desktop/org-repo/Scheduler_UI_only/.venv/lib/python3.13/site-packages/django/db/models/query.py", line 2000, in _fetch_all
    self._result_cache = list(self._iterable_class(self))
                         ~~~~^^^^^^^^^^^^^^^^^^^^^^^^^^^^
  File "/Users/sammac/Desktop/org-repo/Scheduler_UI_only/.venv/lib/python3.13/site-packages/django/db/models/query.py", line 95, in __iter__
    results = compiler.execute_sql(
        chunked_fetch=self.chunked_fetch, chunk_size=self.chunk_size
    )
  File "/Users/sammac/Desktop/org-repo/Scheduler_UI_only/.venv/lib/python3.13/site-packages/django/db/models/sql/compiler.py", line 1624, in execute_sql
    cursor.execute(sql, params)
    ~~~~~~~~~~~~~~^^^^^^^^^^^^^
  File "/Users/sammac/Desktop/org-repo/Scheduler_UI_only/.venv/lib/python3.13/site-packages/django/db/backends/utils.py", line 79, in execute
    return self._execute_with_wrappers(
           ~~~~~~~~~~~~~~~~~~~~~~~~~~~^
        sql, params, many=False, executor=self._execute
        ^^^^^^^^^^^^^^^^^^^^^^^^^^^^^^^^^^^^^^^^^^^^^^^
    )
    ^
  File "/Users/sammac/Desktop/org-repo/Scheduler_UI_only/.venv/lib/python3.13/site-packages/django/db/backends/utils.py", line 92, in _execute_with_wrappers
    return executor(sql, params, many, context)
  File "/Users/sammac/Desktop/org-repo/Scheduler_UI_only/.venv/lib/python3.13/site-packages/django/db/backends/utils.py", line 100, in _execute
    with self.db.wrap_database_errors:
         ^^^^^^^^^^^^^^^^^^^^^^^^^^^^
  File "/Users/sammac/Desktop/org-repo/Scheduler_UI_only/.venv/lib/python3.13/site-packages/django/db/utils.py", line 94, in __exit__
    raise dj_exc_value.with_traceback(traceback) from exc_value
  File "/Users/sammac/Desktop/org-repo/Scheduler_UI_only/.venv/lib/python3.13/site-packages/django/db/backends/utils.py", line 105, in _execute
    return self.cursor.execute(sql, params)
           ~~~~~~~~~~~~~~~~~~~^^^^^^^^^^^^^
  File "/Users/sammac/Desktop/org-repo/Scheduler_UI_only/.venv/lib/python3.13/site-packages/django/db/backends/sqlite3/base.py", line 359, in execute
    return super().execute(query, params)
           ~~~~~~~~~~~~~~~^^^^^^^^^^^^^^^
django.db.utils.OperationalError: no such table: django_session
Internal Server Error: /
Traceback (most recent call last):
  File "/Users/sammac/Desktop/org-repo/Scheduler_UI_only/.venv/lib/python3.13/site-packages/django/contrib/sessions/backends/base.py", line 246, in _get_session
    return self._session_cache
           ^^^^^^^^^^^^^^^^^^^
AttributeError: 'SessionStore' object has no attribute '_session_cache'

During handling of the above exception, another exception occurred:

Traceback (most recent call last):
  File "/Users/sammac/Desktop/org-repo/Scheduler_UI_only/.venv/lib/python3.13/site-packages/django/db/backends/utils.py", line 105, in _execute
    return self.cursor.execute(sql, params)
           ~~~~~~~~~~~~~~~~~~~^^^^^^^^^^^^^
  File "/Users/sammac/Desktop/org-repo/Scheduler_UI_only/.venv/lib/python3.13/site-packages/django/db/backends/sqlite3/base.py", line 359, in execute
    return super().execute(query, params)
           ~~~~~~~~~~~~~~~^^^^^^^^^^^^^^^
sqlite3.OperationalError: no such table: django_session

The above exception was the direct cause of the following exception:

Traceback (most recent call last):
  File "/Users/sammac/Desktop/org-repo/Scheduler_UI_only/.venv/lib/python3.13/site-packages/django/core/handlers/exception.py", line 55, in inner
    response = get_response(request)
  File "/Users/sammac/Desktop/org-repo/Scheduler_UI_only/projttgs/ttgen/superadmin_views.py", line 2594, in __call__
    request.session.get(SESSION_FLAG)
    ~~~~~~~~~~~~~~~~~~~^^^^^^^^^^^^^^
  File "/Users/sammac/Desktop/org-repo/Scheduler_UI_only/.venv/lib/python3.13/site-packages/django/contrib/sessions/backends/base.py", line 74, in get
    return self._session.get(key, default)
           ^^^^^^^^^^^^^
  File "/Users/sammac/Desktop/org-repo/Scheduler_UI_only/.venv/lib/python3.13/site-packages/django/contrib/sessions/backends/base.py", line 251, in _get_session
    self._session_cache = self.load()
                          ~~~~~~~~~^^
  File "/Users/sammac/Desktop/org-repo/Scheduler_UI_only/.venv/lib/python3.13/site-packages/django/contrib/sessions/backends/db.py", line 55, in load
    s = self._get_session_from_db()
  File "/Users/sammac/Desktop/org-repo/Scheduler_UI_only/.venv/lib/python3.13/site-packages/django/contrib/sessions/backends/db.py", line 34, in _get_session_from_db
    return self.model.objects.get(
           ~~~~~~~~~~~~~~~~~~~~~~^
        session_key=self.session_key, expire_date__gt=timezone.now()
        ^^^^^^^^^^^^^^^^^^^^^^^^^^^^^^^^^^^^^^^^^^^^^^^^^^^^^^^^^^^^
    )
    ^
  File "/Users/sammac/Desktop/org-repo/Scheduler_UI_only/.venv/lib/python3.13/site-packages/django/db/models/manager.py", line 87, in manager_method
    return getattr(self.get_queryset(), name)(*args, **kwargs)
           ~~~~~~~~~~~~~~~~~~~~~~~~~~~~~~~~~~^^^^^^^^^^^^^^^^^
  File "/Users/sammac/Desktop/org-repo/Scheduler_UI_only/.venv/lib/python3.13/site-packages/django/db/models/query.py", line 635, in get
    num = len(clone)
  File "/Users/sammac/Desktop/org-repo/Scheduler_UI_only/.venv/lib/python3.13/site-packages/django/db/models/query.py", line 372, in __len__
    self._fetch_all()
    ~~~~~~~~~~~~~~~^^
  File "/Users/sammac/Desktop/org-repo/Scheduler_UI_only/.venv/lib/python3.13/site-packages/django/db/models/query.py", line 2000, in _fetch_all
    self._result_cache = list(self._iterable_class(self))
                         ~~~~^^^^^^^^^^^^^^^^^^^^^^^^^^^^
  File "/Users/sammac/Desktop/org-repo/Scheduler_UI_only/.venv/lib/python3.13/site-packages/django/db/models/query.py", line 95, in __iter__
    results = compiler.execute_sql(
        chunked_fetch=self.chunked_fetch, chunk_size=self.chunk_size
    )
  File "/Users/sammac/Desktop/org-repo/Scheduler_UI_only/.venv/lib/python3.13/site-packages/django/db/models/sql/compiler.py", line 1624, in execute_sql
    cursor.execute(sql, params)
    ~~~~~~~~~~~~~~^^^^^^^^^^^^^
  File "/Users/sammac/Desktop/org-repo/Scheduler_UI_only/.venv/lib/python3.13/site-packages/django/db/backends/utils.py", line 79, in execute
    return self._execute_with_wrappers(
           ~~~~~~~~~~~~~~~~~~~~~~~~~~~^
        sql, params, many=False, executor=self._execute
        ^^^^^^^^^^^^^^^^^^^^^^^^^^^^^^^^^^^^^^^^^^^^^^^
    )
    ^
  File "/Users/sammac/Desktop/org-repo/Scheduler_UI_only/.venv/lib/python3.13/site-packages/django/db/backends/utils.py", line 92, in _execute_with_wrappers
    return executor(sql, params, many, context)
  File "/Users/sammac/Desktop/org-repo/Scheduler_UI_only/.venv/lib/python3.13/site-packages/django/db/backends/utils.py", line 100, in _execute
    with self.db.wrap_database_errors:
         ^^^^^^^^^^^^^^^^^^^^^^^^^^^^
  File "/Users/sammac/Desktop/org-repo/Scheduler_UI_only/.venv/lib/python3.13/site-packages/django/db/utils.py", line 94, in __exit__
    raise dj_exc_value.with_traceback(traceback) from exc_value
  File "/Users/sammac/Desktop/org-repo/Scheduler_UI_only/.venv/lib/python3.13/site-packages/django/db/backends/utils.py", line 105, in _execute
    return self.cursor.execute(sql, params)
           ~~~~~~~~~~~~~~~~~~~^^^^^^^^^^^^^
  File "/Users/sammac/Desktop/org-repo/Scheduler_UI_only/.venv/lib/python3.13/site-packages/django/db/backends/sqlite3/base.py", line 359, in execute
    return super().execute(query, params)
           ~~~~~~~~~~~~~~~^^^^^^^^^^^^^^^
django.db.utils.OperationalError: no such table: django_session
Internal Server Error: /favicon.ico
Traceback (most recent call last):
  File "/Users/sammac/Desktop/org-repo/Scheduler_UI_only/.venv/lib/python3.13/site-packages/django/contrib/sessions/backends/base.py", line 246, in _get_session
    return self._session_cache
           ^^^^^^^^^^^^^^^^^^^
AttributeError: 'SessionStore' object has no attribute '_session_cache'

During handling of the above exception, another exception occurred:

Traceback (most recent call last):
  File "/Users/sammac/Desktop/org-repo/Scheduler_UI_only/.venv/lib/python3.13/site-packages/django/db/backends/utils.py", line 105, in _execute
    return self.cursor.execute(sql, params)
           ~~~~~~~~~~~~~~~~~~~^^^^^^^^^^^^^
  File "/Users/sammac/Desktop/org-repo/Scheduler_UI_only/.venv/lib/python3.13/site-packages/django/db/backends/sqlite3/base.py", line 359, in execute
    return super().execute(query, params)
           ~~~~~~~~~~~~~~~^^^^^^^^^^^^^^^
sqlite3.OperationalError: no such table: django_session

The above exception was the direct cause of the following exception:

Traceback (most recent call last):
  File "/Users/sammac/Desktop/org-repo/Scheduler_UI_only/.venv/lib/python3.13/site-packages/django/core/handlers/exception.py", line 55, in inner
    response = get_response(request)
  File "/Users/sammac/Desktop/org-repo/Scheduler_UI_only/projttgs/ttgen/superadmin_views.py", line 2594, in __call__
    request.session.get(SESSION_FLAG)
    ~~~~~~~~~~~~~~~~~~~^^^^^^^^^^^^^^
  File "/Users/sammac/Desktop/org-repo/Scheduler_UI_only/.venv/lib/python3.13/site-packages/django/contrib/sessions/backends/base.py", line 74, in get
    return self._session.get(key, default)
           ^^^^^^^^^^^^^
  File "/Users/sammac/Desktop/org-repo/Scheduler_UI_only/.venv/lib/python3.13/site-packages/django/contrib/sessions/backends/base.py", line 251, in _get_session
    self._session_cache = self.load()
                          ~~~~~~~~~^^
  File "/Users/sammac/Desktop/org-repo/Scheduler_UI_only/.venv/lib/python3.13/site-packages/django/contrib/sessions/backends/db.py", line 55, in load
    s = self._get_session_from_db()
  File "/Users/sammac/Desktop/org-repo/Scheduler_UI_only/.venv/lib/python3.13/site-packages/django/contrib/sessions/backends/db.py", line 34, in _get_session_from_db
    return self.model.objects.get(
           ~~~~~~~~~~~~~~~~~~~~~~^
        session_key=self.session_key, expire_date__gt=timezone.now()
        ^^^^^^^^^^^^^^^^^^^^^^^^^^^^^^^^^^^^^^^^^^^^^^^^^^^^^^^^^^^^
    )
    ^
  File "/Users/sammac/Desktop/org-repo/Scheduler_UI_only/.venv/lib/python3.13/site-packages/django/db/models/manager.py", line 87, in manager_method
    return getattr(self.get_queryset(), name)(*args, **kwargs)
           ~~~~~~~~~~~~~~~~~~~~~~~~~~~~~~~~~~^^^^^^^^^^^^^^^^^
  File "/Users/sammac/Desktop/org-repo/Scheduler_UI_only/.venv/lib/python3.13/site-packages/django/db/models/query.py", line 635, in get
    num = len(clone)
  File "/Users/sammac/Desktop/org-repo/Scheduler_UI_only/.venv/lib/python3.13/site-packages/django/db/models/query.py", line 372, in __len__
    self._fetch_all()
    ~~~~~~~~~~~~~~~^^
  File "/Users/sammac/Desktop/org-repo/Scheduler_UI_only/.venv/lib/python3.13/site-packages/django/db/models/query.py", line 2000, in _fetch_all
    self._result_cache = list(self._iterable_class(self))
                         ~~~~^^^^^^^^^^^^^^^^^^^^^^^^^^^^
  File "/Users/sammac/Desktop/org-repo/Scheduler_UI_only/.venv/lib/python3.13/site-packages/django/db/models/query.py", line 95, in __iter__
    results = compiler.execute_sql(
        chunked_fetch=self.chunked_fetch, chunk_size=self.chunk_size
    )
  File "/Users/sammac/Desktop/org-repo/Scheduler_UI_only/.venv/lib/python3.13/site-packages/django/db/models/sql/compiler.py", line 1624, in execute_sql
    cursor.execute(sql, params)
    ~~~~~~~~~~~~~~^^^^^^^^^^^^^
  File "/Users/sammac/Desktop/org-repo/Scheduler_UI_only/.venv/lib/python3.13/site-packages/django/db/backends/utils.py", line 79, in execute
    return self._execute_with_wrappers(
           ~~~~~~~~~~~~~~~~~~~~~~~~~~~^
        sql, params, many=False, executor=self._execute
        ^^^^^^^^^^^^^^^^^^^^^^^^^^^^^^^^^^^^^^^^^^^^^^^
    )
    ^
  File "/Users/sammac/Desktop/org-repo/Scheduler_UI_only/.venv/lib/python3.13/site-packages/django/db/backends/utils.py", line 92, in _execute_with_wrappers
    return executor(sql, params, many, context)
  File "/Users/sammac/Desktop/org-repo/Scheduler_UI_only/.venv/lib/python3.13/site-packages/django/db/backends/utils.py", line 100, in _execute
    with self.db.wrap_database_errors:
         ^^^^^^^^^^^^^^^^^^^^^^^^^^^^
  File "/Users/sammac/Desktop/org-repo/Scheduler_UI_only/.venv/lib/python3.13/site-packages/django/db/utils.py", line 94, in __exit__
    raise dj_exc_value.with_traceback(traceback) from exc_value
  File "/Users/sammac/Desktop/org-repo/Scheduler_UI_only/.venv/lib/python3.13/site-packages/django/db/backends/utils.py", line 105, in _execute
    return self.cursor.execute(sql, params)
           ~~~~~~~~~~~~~~~~~~~^^^^^^^^^^^^^
  File "/Users/sammac/Desktop/org-repo/Scheduler_UI_only/.venv/lib/python3.13/site-packages/django/db/backends/sqlite3/base.py", line 359, in execute
    return super().execute(query, params)
           ~~~~~~~~~~~~~~~^^^^^^^^^^^^^^^
django.db.utils.OperationalError: no such table: django_session
Internal Server Error: /
Traceback (most recent call last):
  File "/Users/sammac/Desktop/org-repo/Scheduler_UI_only/.venv/lib/python3.13/site-packages/django/contrib/sessions/backends/base.py", line 246, in _get_session
    return self._session_cache
           ^^^^^^^^^^^^^^^^^^^
AttributeError: 'SessionStore' object has no attribute '_session_cache'

During handling of the above exception, another exception occurred:

Traceback (most recent call last):
  File "/Users/sammac/Desktop/org-repo/Scheduler_UI_only/.venv/lib/python3.13/site-packages/django/db/backends/utils.py", line 105, in _execute
    return self.cursor.execute(sql, params)
           ~~~~~~~~~~~~~~~~~~~^^^^^^^^^^^^^
  File "/Users/sammac/Desktop/org-repo/Scheduler_UI_only/.venv/lib/python3.13/site-packages/django/db/backends/sqlite3/base.py", line 359, in execute
    return super().execute(query, params)
           ~~~~~~~~~~~~~~~^^^^^^^^^^^^^^^
sqlite3.OperationalError: no such table: django_session

The above exception was the direct cause of the following exception:

Traceback (most recent call last):
  File "/Users/sammac/Desktop/org-repo/Scheduler_UI_only/.venv/lib/python3.13/site-packages/django/core/handlers/exception.py", line 55, in inner
    response = get_response(request)
  File "/Users/sammac/Desktop/org-repo/Scheduler_UI_only/projttgs/ttgen/superadmin_views.py", line 2594, in __call__
    request.session.get(SESSION_FLAG)
    ~~~~~~~~~~~~~~~~~~~^^^^^^^^^^^^^^
  File "/Users/sammac/Desktop/org-repo/Scheduler_UI_only/.venv/lib/python3.13/site-packages/django/contrib/sessions/backends/base.py", line 74, in get
    return self._session.get(key, default)
           ^^^^^^^^^^^^^
  File "/Users/sammac/Desktop/org-repo/Scheduler_UI_only/.venv/lib/python3.13/site-packages/django/contrib/sessions/backends/base.py", line 251, in _get_session
    self._session_cache = self.load()
                          ~~~~~~~~~^^
  File "/Users/sammac/Desktop/org-repo/Scheduler_UI_only/.venv/lib/python3.13/site-packages/django/contrib/sessions/backends/db.py", line 55, in load
    s = self._get_session_from_db()
  File "/Users/sammac/Desktop/org-repo/Scheduler_UI_only/.venv/lib/python3.13/site-packages/django/contrib/sessions/backends/db.py", line 34, in _get_session_from_db
    return self.model.objects.get(
           ~~~~~~~~~~~~~~~~~~~~~~^
        session_key=self.session_key, expire_date__gt=timezone.now()
        ^^^^^^^^^^^^^^^^^^^^^^^^^^^^^^^^^^^^^^^^^^^^^^^^^^^^^^^^^^^^
    )
    ^
  File "/Users/sammac/Desktop/org-repo/Scheduler_UI_only/.venv/lib/python3.13/site-packages/django/db/models/manager.py", line 87, in manager_method
    return getattr(self.get_queryset(), name)(*args, **kwargs)
           ~~~~~~~~~~~~~~~~~~~~~~~~~~~~~~~~~~^^^^^^^^^^^^^^^^^
  File "/Users/sammac/Desktop/org-repo/Scheduler_UI_only/.venv/lib/python3.13/site-packages/django/db/models/query.py", line 635, in get
    num = len(clone)
  File "/Users/sammac/Desktop/org-repo/Scheduler_UI_only/.venv/lib/python3.13/site-packages/django/db/models/query.py", line 372, in __len__
    self._fetch_all()
    ~~~~~~~~~~~~~~~^^
  File "/Users/sammac/Desktop/org-repo/Scheduler_UI_only/.venv/lib/python3.13/site-packages/django/db/models/query.py", line 2000, in _fetch_all
    self._result_cache = list(self._iterable_class(self))
                         ~~~~^^^^^^^^^^^^^^^^^^^^^^^^^^^^
  File "/Users/sammac/Desktop/org-repo/Scheduler_UI_only/.venv/lib/python3.13/site-packages/django/db/models/query.py", line 95, in __iter__
    results = compiler.execute_sql(
        chunked_fetch=self.chunked_fetch, chunk_size=self.chunk_size
    )
  File "/Users/sammac/Desktop/org-repo/Scheduler_UI_only/.venv/lib/python3.13/site-packages/django/db/models/sql/compiler.py", line 1624, in execute_sql
    cursor.execute(sql, params)
    ~~~~~~~~~~~~~~^^^^^^^^^^^^^
  File "/Users/sammac/Desktop/org-repo/Scheduler_UI_only/.venv/lib/python3.13/site-packages/django/db/backends/utils.py", line 79, in execute
    return self._execute_with_wrappers(
           ~~~~~~~~~~~~~~~~~~~~~~~~~~~^
        sql, params, many=False, executor=self._execute
        ^^^^^^^^^^^^^^^^^^^^^^^^^^^^^^^^^^^^^^^^^^^^^^^
    )
    ^
  File "/Users/sammac/Desktop/org-repo/Scheduler_UI_only/.venv/lib/python3.13/site-packages/django/db/backends/utils.py", line 92, in _execute_with_wrappers
    return executor(sql, params, many, context)
  File "/Users/sammac/Desktop/org-repo/Scheduler_UI_only/.venv/lib/python3.13/site-packages/django/db/backends/utils.py", line 100, in _execute
    with self.db.wrap_database_errors:
         ^^^^^^^^^^^^^^^^^^^^^^^^^^^^
  File "/Users/sammac/Desktop/org-repo/Scheduler_UI_only/.venv/lib/python3.13/site-packages/django/db/utils.py", line 94, in __exit__
    raise dj_exc_value.with_traceback(traceback) from exc_value
  File "/Users/sammac/Desktop/org-repo/Scheduler_UI_only/.venv/lib/python3.13/site-packages/django/db/backends/utils.py", line 105, in _execute
    return self.cursor.execute(sql, params)
           ~~~~~~~~~~~~~~~~~~~^^^^^^^^^^^^^
  File "/Users/sammac/Desktop/org-repo/Scheduler_UI_only/.venv/lib/python3.13/site-packages/django/db/backends/sqlite3/base.py", line 359, in execute
    return super().execute(query, params)
           ~~~~~~~~~~~~~~~^^^^^^^^^^^^^^^
django.db.utils.OperationalError: no such table: django_session
Internal Server Error: /favicon.ico
Traceback (most recent call last):
  File "/Users/sammac/Desktop/org-repo/Scheduler_UI_only/.venv/lib/python3.13/site-packages/django/contrib/sessions/backends/base.py", line 246, in _get_session
    return self._session_cache
           ^^^^^^^^^^^^^^^^^^^
AttributeError: 'SessionStore' object has no attribute '_session_cache'

During handling of the above exception, another exception occurred:

Traceback (most recent call last):
  File "/Users/sammac/Desktop/org-repo/Scheduler_UI_only/.venv/lib/python3.13/site-packages/django/db/backends/utils.py", line 105, in _execute
    return self.cursor.execute(sql, params)
           ~~~~~~~~~~~~~~~~~~~^^^^^^^^^^^^^
  File "/Users/sammac/Desktop/org-repo/Scheduler_UI_only/.venv/lib/python3.13/site-packages/django/db/backends/sqlite3/base.py", line 359, in execute
    return super().execute(query, params)
           ~~~~~~~~~~~~~~~^^^^^^^^^^^^^^^
sqlite3.OperationalError: no such table: django_session

The above exception was the direct cause of the following exception:

Traceback (most recent call last):
  File "/Users/sammac/Desktop/org-repo/Scheduler_UI_only/.venv/lib/python3.13/site-packages/django/core/handlers/exception.py", line 55, in inner
    response = get_response(request)
  File "/Users/sammac/Desktop/org-repo/Scheduler_UI_only/projttgs/ttgen/superadmin_views.py", line 2594, in __call__
    request.session.get(SESSION_FLAG)
    ~~~~~~~~~~~~~~~~~~~^^^^^^^^^^^^^^
  File "/Users/sammac/Desktop/org-repo/Scheduler_UI_only/.venv/lib/python3.13/site-packages/django/contrib/sessions/backends/base.py", line 74, in get
    return self._session.get(key, default)
           ^^^^^^^^^^^^^
  File "/Users/sammac/Desktop/org-repo/Scheduler_UI_only/.venv/lib/python3.13/site-packages/django/contrib/sessions/backends/base.py", line 251, in _get_session
    self._session_cache = self.load()
                          ~~~~~~~~~^^
  File "/Users/sammac/Desktop/org-repo/Scheduler_UI_only/.venv/lib/python3.13/site-packages/django/contrib/sessions/backends/db.py", line 55, in load
    s = self._get_session_from_db()
  File "/Users/sammac/Desktop/org-repo/Scheduler_UI_only/.venv/lib/python3.13/site-packages/django/contrib/sessions/backends/db.py", line 34, in _get_session_from_db
    return self.model.objects.get(
           ~~~~~~~~~~~~~~~~~~~~~~^
        session_key=self.session_key, expire_date__gt=timezone.now()
        ^^^^^^^^^^^^^^^^^^^^^^^^^^^^^^^^^^^^^^^^^^^^^^^^^^^^^^^^^^^^
    )
    ^
  File "/Users/sammac/Desktop/org-repo/Scheduler_UI_only/.venv/lib/python3.13/site-packages/django/db/models/manager.py", line 87, in manager_method
    return getattr(self.get_queryset(), name)(*args, **kwargs)
           ~~~~~~~~~~~~~~~~~~~~~~~~~~~~~~~~~~^^^^^^^^^^^^^^^^^
  File "/Users/sammac/Desktop/org-repo/Scheduler_UI_only/.venv/lib/python3.13/site-packages/django/db/models/query.py", line 635, in get
    num = len(clone)
  File "/Users/sammac/Desktop/org-repo/Scheduler_UI_only/.venv/lib/python3.13/site-packages/django/db/models/query.py", line 372, in __len__
    self._fetch_all()
    ~~~~~~~~~~~~~~~^^
  File "/Users/sammac/Desktop/org-repo/Scheduler_UI_only/.venv/lib/python3.13/site-packages/django/db/models/query.py", line 2000, in _fetch_all
    self._result_cache = list(self._iterable_class(self))
                         ~~~~^^^^^^^^^^^^^^^^^^^^^^^^^^^^
  File "/Users/sammac/Desktop/org-repo/Scheduler_UI_only/.venv/lib/python3.13/site-packages/django/db/models/query.py", line 95, in __iter__
    results = compiler.execute_sql(
        chunked_fetch=self.chunked_fetch, chunk_size=self.chunk_size
    )
  File "/Users/sammac/Desktop/org-repo/Scheduler_UI_only/.venv/lib/python3.13/site-packages/django/db/models/sql/compiler.py", line 1624, in execute_sql
    cursor.execute(sql, params)
    ~~~~~~~~~~~~~~^^^^^^^^^^^^^
  File "/Users/sammac/Desktop/org-repo/Scheduler_UI_only/.venv/lib/python3.13/site-packages/django/db/backends/utils.py", line 79, in execute
    return self._execute_with_wrappers(
           ~~~~~~~~~~~~~~~~~~~~~~~~~~~^
        sql, params, many=False, executor=self._execute
        ^^^^^^^^^^^^^^^^^^^^^^^^^^^^^^^^^^^^^^^^^^^^^^^
    )
    ^
  File "/Users/sammac/Desktop/org-repo/Scheduler_UI_only/.venv/lib/python3.13/site-packages/django/db/backends/utils.py", line 92, in _execute_with_wrappers
    return executor(sql, params, many, context)
  File "/Users/sammac/Desktop/org-repo/Scheduler_UI_only/.venv/lib/python3.13/site-packages/django/db/backends/utils.py", line 100, in _execute
    with self.db.wrap_database_errors:
         ^^^^^^^^^^^^^^^^^^^^^^^^^^^^
  File "/Users/sammac/Desktop/org-repo/Scheduler_UI_only/.venv/lib/python3.13/site-packages/django/db/utils.py", line 94, in __exit__
    raise dj_exc_value.with_traceback(traceback) from exc_value
  File "/Users/sammac/Desktop/org-repo/Scheduler_UI_only/.venv/lib/python3.13/site-packages/django/db/backends/utils.py", line 105, in _execute
    return self.cursor.execute(sql, params)
           ~~~~~~~~~~~~~~~~~~~^^^^^^^^^^^^^
  File "/Users/sammac/Desktop/org-repo/Scheduler_UI_only/.venv/lib/python3.13/site-packages/django/db/backends/sqlite3/base.py", line 359, in execute
    return super().execute(query, params)
           ~~~~~~~~~~~~~~~^^^^^^^^^^^^^^^
django.db.utils.OperationalError: no such table: django_session
Internal Server Error: /
Traceback (most recent call last):
  File "/Users/sammac/Desktop/org-repo/Scheduler_UI_only/.venv/lib/python3.13/site-packages/django/contrib/sessions/backends/base.py", line 246, in _get_session
    return self._session_cache
           ^^^^^^^^^^^^^^^^^^^
AttributeError: 'SessionStore' object has no attribute '_session_cache'

During handling of the above exception, another exception occurred:

Traceback (most recent call last):
  File "/Users/sammac/Desktop/org-repo/Scheduler_UI_only/.venv/lib/python3.13/site-packages/django/db/backends/utils.py", line 105, in _execute
    return self.cursor.execute(sql, params)
           ~~~~~~~~~~~~~~~~~~~^^^^^^^^^^^^^
  File "/Users/sammac/Desktop/org-repo/Scheduler_UI_only/.venv/lib/python3.13/site-packages/django/db/backends/sqlite3/base.py", line 359, in execute
    return super().execute(query, params)
           ~~~~~~~~~~~~~~~^^^^^^^^^^^^^^^
sqlite3.OperationalError: no such table: django_session

The above exception was the direct cause of the following exception:

Traceback (most recent call last):
  File "/Users/sammac/Desktop/org-repo/Scheduler_UI_only/.venv/lib/python3.13/site-packages/django/core/handlers/exception.py", line 55, in inner
    response = get_response(request)
  File "/Users/sammac/Desktop/org-repo/Scheduler_UI_only/projttgs/ttgen/superadmin_views.py", line 2594, in __call__
    request.session.get(SESSION_FLAG)
    ~~~~~~~~~~~~~~~~~~~^^^^^^^^^^^^^^
  File "/Users/sammac/Desktop/org-repo/Scheduler_UI_only/.venv/lib/python3.13/site-packages/django/contrib/sessions/backends/base.py", line 74, in get
    return self._session.get(key, default)
           ^^^^^^^^^^^^^
  File "/Users/sammac/Desktop/org-repo/Scheduler_UI_only/.venv/lib/python3.13/site-packages/django/contrib/sessions/backends/base.py", line 251, in _get_session
    self._session_cache = self.load()
                          ~~~~~~~~~^^
  File "/Users/sammac/Desktop/org-repo/Scheduler_UI_only/.venv/lib/python3.13/site-packages/django/contrib/sessions/backends/db.py", line 55, in load
    s = self._get_session_from_db()
  File "/Users/sammac/Desktop/org-repo/Scheduler_UI_only/.venv/lib/python3.13/site-packages/django/contrib/sessions/backends/db.py", line 34, in _get_session_from_db
    return self.model.objects.get(
           ~~~~~~~~~~~~~~~~~~~~~~^
        session_key=self.session_key, expire_date__gt=timezone.now()
        ^^^^^^^^^^^^^^^^^^^^^^^^^^^^^^^^^^^^^^^^^^^^^^^^^^^^^^^^^^^^
    )
    ^
  File "/Users/sammac/Desktop/org-repo/Scheduler_UI_only/.venv/lib/python3.13/site-packages/django/db/models/manager.py", line 87, in manager_method
    return getattr(self.get_queryset(), name)(*args, **kwargs)
           ~~~~~~~~~~~~~~~~~~~~~~~~~~~~~~~~~~^^^^^^^^^^^^^^^^^
  File "/Users/sammac/Desktop/org-repo/Scheduler_UI_only/.venv/lib/python3.13/site-packages/django/db/models/query.py", line 635, in get
    num = len(clone)
  File "/Users/sammac/Desktop/org-repo/Scheduler_UI_only/.venv/lib/python3.13/site-packages/django/db/models/query.py", line 372, in __len__
    self._fetch_all()
    ~~~~~~~~~~~~~~~^^
  File "/Users/sammac/Desktop/org-repo/Scheduler_UI_only/.venv/lib/python3.13/site-packages/django/db/models/query.py", line 2000, in _fetch_all
    self._result_cache = list(self._iterable_class(self))
                         ~~~~^^^^^^^^^^^^^^^^^^^^^^^^^^^^
  File "/Users/sammac/Desktop/org-repo/Scheduler_UI_only/.venv/lib/python3.13/site-packages/django/db/models/query.py", line 95, in __iter__
    results = compiler.execute_sql(
        chunked_fetch=self.chunked_fetch, chunk_size=self.chunk_size
    )
  File "/Users/sammac/Desktop/org-repo/Scheduler_UI_only/.venv/lib/python3.13/site-packages/django/db/models/sql/compiler.py", line 1624, in execute_sql
    cursor.execute(sql, params)
    ~~~~~~~~~~~~~~^^^^^^^^^^^^^
  File "/Users/sammac/Desktop/org-repo/Scheduler_UI_only/.venv/lib/python3.13/site-packages/django/db/backends/utils.py", line 79, in execute
    return self._execute_with_wrappers(
           ~~~~~~~~~~~~~~~~~~~~~~~~~~~^
        sql, params, many=False, executor=self._execute
        ^^^^^^^^^^^^^^^^^^^^^^^^^^^^^^^^^^^^^^^^^^^^^^^
    )
    ^
  File "/Users/sammac/Desktop/org-repo/Scheduler_UI_only/.venv/lib/python3.13/site-packages/django/db/backends/utils.py", line 92, in _execute_with_wrappers
    return executor(sql, params, many, context)
  File "/Users/sammac/Desktop/org-repo/Scheduler_UI_only/.venv/lib/python3.13/site-packages/django/db/backends/utils.py", line 100, in _execute
    with self.db.wrap_database_errors:
         ^^^^^^^^^^^^^^^^^^^^^^^^^^^^
  File "/Users/sammac/Desktop/org-repo/Scheduler_UI_only/.venv/lib/python3.13/site-packages/django/db/utils.py", line 94, in __exit__
    raise dj_exc_value.with_traceback(traceback) from exc_value
  File "/Users/sammac/Desktop/org-repo/Scheduler_UI_only/.venv/lib/python3.13/site-packages/django/db/backends/utils.py", line 105, in _execute
    return self.cursor.execute(sql, params)
           ~~~~~~~~~~~~~~~~~~~^^^^^^^^^^^^^
  File "/Users/sammac/Desktop/org-repo/Scheduler_UI_only/.venv/lib/python3.13/site-packages/django/db/backends/sqlite3/base.py", line 359, in execute
    return super().execute(query, params)
           ~~~~~~~~~~~~~~~^^^^^^^^^^^^^^^
django.db.utils.OperationalError: no such table: django_session
Internal Server Error: /favicon.ico
Traceback (most recent call last):
  File "/Users/sammac/Desktop/org-repo/Scheduler_UI_only/.venv/lib/python3.13/site-packages/django/contrib/sessions/backends/base.py", line 246, in _get_session
    return self._session_cache
           ^^^^^^^^^^^^^^^^^^^
AttributeError: 'SessionStore' object has no attribute '_session_cache'

During handling of the above exception, another exception occurred:

Traceback (most recent call last):
  File "/Users/sammac/Desktop/org-repo/Scheduler_UI_only/.venv/lib/python3.13/site-packages/django/db/backends/utils.py", line 105, in _execute
    return self.cursor.execute(sql, params)
           ~~~~~~~~~~~~~~~~~~~^^^^^^^^^^^^^
  File "/Users/sammac/Desktop/org-repo/Scheduler_UI_only/.venv/lib/python3.13/site-packages/django/db/backends/sqlite3/base.py", line 359, in execute
    return super().execute(query, params)
           ~~~~~~~~~~~~~~~^^^^^^^^^^^^^^^
sqlite3.OperationalError: no such table: django_session

The above exception was the direct cause of the following exception:

Traceback (most recent call last):
  File "/Users/sammac/Desktop/org-repo/Scheduler_UI_only/.venv/lib/python3.13/site-packages/django/core/handlers/exception.py", line 55, in inner
    response = get_response(request)
  File "/Users/sammac/Desktop/org-repo/Scheduler_UI_only/projttgs/ttgen/superadmin_views.py", line 2594, in __call__
    request.session.get(SESSION_FLAG)
    ~~~~~~~~~~~~~~~~~~~^^^^^^^^^^^^^^
  File "/Users/sammac/Desktop/org-repo/Scheduler_UI_only/.venv/lib/python3.13/site-packages/django/contrib/sessions/backends/base.py", line 74, in get
    return self._session.get(key, default)
           ^^^^^^^^^^^^^
  File "/Users/sammac/Desktop/org-repo/Scheduler_UI_only/.venv/lib/python3.13/site-packages/django/contrib/sessions/backends/base.py", line 251, in _get_session
    self._session_cache = self.load()
                          ~~~~~~~~~^^
  File "/Users/sammac/Desktop/org-repo/Scheduler_UI_only/.venv/lib/python3.13/site-packages/django/contrib/sessions/backends/db.py", line 55, in load
    s = self._get_session_from_db()
  File "/Users/sammac/Desktop/org-repo/Scheduler_UI_only/.venv/lib/python3.13/site-packages/django/contrib/sessions/backends/db.py", line 34, in _get_session_from_db
    return self.model.objects.get(
           ~~~~~~~~~~~~~~~~~~~~~~^
        session_key=self.session_key, expire_date__gt=timezone.now()
        ^^^^^^^^^^^^^^^^^^^^^^^^^^^^^^^^^^^^^^^^^^^^^^^^^^^^^^^^^^^^
    )
    ^
  File "/Users/sammac/Desktop/org-repo/Scheduler_UI_only/.venv/lib/python3.13/site-packages/django/db/models/manager.py", line 87, in manager_method
    return getattr(self.get_queryset(), name)(*args, **kwargs)
           ~~~~~~~~~~~~~~~~~~~~~~~~~~~~~~~~~~^^^^^^^^^^^^^^^^^
  File "/Users/sammac/Desktop/org-repo/Scheduler_UI_only/.venv/lib/python3.13/site-packages/django/db/models/query.py", line 635, in get
    num = len(clone)
  File "/Users/sammac/Desktop/org-repo/Scheduler_UI_only/.venv/lib/python3.13/site-packages/django/db/models/query.py", line 372, in __len__
    self._fetch_all()
    ~~~~~~~~~~~~~~~^^
  File "/Users/sammac/Desktop/org-repo/Scheduler_UI_only/.venv/lib/python3.13/site-packages/django/db/models/query.py", line 2000, in _fetch_all
    self._result_cache = list(self._iterable_class(self))
                         ~~~~^^^^^^^^^^^^^^^^^^^^^^^^^^^^
  File "/Users/sammac/Desktop/org-repo/Scheduler_UI_only/.venv/lib/python3.13/site-packages/django/db/models/query.py", line 95, in __iter__
    results = compiler.execute_sql(
        chunked_fetch=self.chunked_fetch, chunk_size=self.chunk_size
    )
  File "/Users/sammac/Desktop/org-repo/Scheduler_UI_only/.venv/lib/python3.13/site-packages/django/db/models/sql/compiler.py", line 1624, in execute_sql
    cursor.execute(sql, params)
    ~~~~~~~~~~~~~~^^^^^^^^^^^^^
  File "/Users/sammac/Desktop/org-repo/Scheduler_UI_only/.venv/lib/python3.13/site-packages/django/db/backends/utils.py", line 79, in execute
    return self._execute_with_wrappers(
           ~~~~~~~~~~~~~~~~~~~~~~~~~~~^
        sql, params, many=False, executor=self._execute
        ^^^^^^^^^^^^^^^^^^^^^^^^^^^^^^^^^^^^^^^^^^^^^^^
    )
    ^
  File "/Users/sammac/Desktop/org-repo/Scheduler_UI_only/.venv/lib/python3.13/site-packages/django/db/backends/utils.py", line 92, in _execute_with_wrappers
    return executor(sql, params, many, context)
  File "/Users/sammac/Desktop/org-repo/Scheduler_UI_only/.venv/lib/python3.13/site-packages/django/db/backends/utils.py", line 100, in _execute
    with self.db.wrap_database_errors:
         ^^^^^^^^^^^^^^^^^^^^^^^^^^^^
  File "/Users/sammac/Desktop/org-repo/Scheduler_UI_only/.venv/lib/python3.13/site-packages/django/db/utils.py", line 94, in __exit__
    raise dj_exc_value.with_traceback(traceback) from exc_value
  File "/Users/sammac/Desktop/org-repo/Scheduler_UI_only/.venv/lib/python3.13/site-packages/django/db/backends/utils.py", line 105, in _execute
    return self.cursor.execute(sql, params)
           ~~~~~~~~~~~~~~~~~~~^^^^^^^^^^^^^
  File "/Users/sammac/Desktop/org-repo/Scheduler_UI_only/.venv/lib/python3.13/site-packages/django/db/backends/sqlite3/base.py", line 359, in execute
    return super().execute(query, params)
           ~~~~~~~~~~~~~~~^^^^^^^^^^^^^^^
django.db.utils.OperationalError: no such table: django_session
Internal Server Error: /
Traceback (most recent call last):
  File "/Users/sammac/Desktop/org-repo/Scheduler_UI_only/.venv/lib/python3.13/site-packages/django/contrib/sessions/backends/base.py", line 246, in _get_session
    return self._session_cache
           ^^^^^^^^^^^^^^^^^^^
AttributeError: 'SessionStore' object has no attribute '_session_cache'

During handling of the above exception, another exception occurred:

Traceback (most recent call last):
  File "/Users/sammac/Desktop/org-repo/Scheduler_UI_only/.venv/lib/python3.13/site-packages/django/db/backends/utils.py", line 105, in _execute
    return self.cursor.execute(sql, params)
           ~~~~~~~~~~~~~~~~~~~^^^^^^^^^^^^^
  File "/Users/sammac/Desktop/org-repo/Scheduler_UI_only/.venv/lib/python3.13/site-packages/django/db/backends/sqlite3/base.py", line 359, in execute
    return super().execute(query, params)
           ~~~~~~~~~~~~~~~^^^^^^^^^^^^^^^
sqlite3.OperationalError: no such table: django_session

The above exception was the direct cause of the following exception:

Traceback (most recent call last):
  File "/Users/sammac/Desktop/org-repo/Scheduler_UI_only/.venv/lib/python3.13/site-packages/django/core/handlers/exception.py", line 55, in inner
    response = get_response(request)
  File "/Users/sammac/Desktop/org-repo/Scheduler_UI_only/projttgs/ttgen/superadmin_views.py", line 2594, in __call__
    request.session.get(SESSION_FLAG)
    ~~~~~~~~~~~~~~~~~~~^^^^^^^^^^^^^^
  File "/Users/sammac/Desktop/org-repo/Scheduler_UI_only/.venv/lib/python3.13/site-packages/django/contrib/sessions/backends/base.py", line 74, in get
    return self._session.get(key, default)
           ^^^^^^^^^^^^^
  File "/Users/sammac/Desktop/org-repo/Scheduler_UI_only/.venv/lib/python3.13/site-packages/django/contrib/sessions/backends/base.py", line 251, in _get_session
    self._session_cache = self.load()
                          ~~~~~~~~~^^
  File "/Users/sammac/Desktop/org-repo/Scheduler_UI_only/.venv/lib/python3.13/site-packages/django/contrib/sessions/backends/db.py", line 55, in load
    s = self._get_session_from_db()
  File "/Users/sammac/Desktop/org-repo/Scheduler_UI_only/.venv/lib/python3.13/site-packages/django/contrib/sessions/backends/db.py", line 34, in _get_session_from_db
    return self.model.objects.get(
           ~~~~~~~~~~~~~~~~~~~~~~^
        session_key=self.session_key, expire_date__gt=timezone.now()
        ^^^^^^^^^^^^^^^^^^^^^^^^^^^^^^^^^^^^^^^^^^^^^^^^^^^^^^^^^^^^
    )
    ^
  File "/Users/sammac/Desktop/org-repo/Scheduler_UI_only/.venv/lib/python3.13/site-packages/django/db/models/manager.py", line 87, in manager_method
    return getattr(self.get_queryset(), name)(*args, **kwargs)
           ~~~~~~~~~~~~~~~~~~~~~~~~~~~~~~~~~~^^^^^^^^^^^^^^^^^
  File "/Users/sammac/Desktop/org-repo/Scheduler_UI_only/.venv/lib/python3.13/site-packages/django/db/models/query.py", line 635, in get
    num = len(clone)
  File "/Users/sammac/Desktop/org-repo/Scheduler_UI_only/.venv/lib/python3.13/site-packages/django/db/models/query.py", line 372, in __len__
    self._fetch_all()
    ~~~~~~~~~~~~~~~^^
  File "/Users/sammac/Desktop/org-repo/Scheduler_UI_only/.venv/lib/python3.13/site-packages/django/db/models/query.py", line 2000, in _fetch_all
    self._result_cache = list(self._iterable_class(self))
                         ~~~~^^^^^^^^^^^^^^^^^^^^^^^^^^^^
  File "/Users/sammac/Desktop/org-repo/Scheduler_UI_only/.venv/lib/python3.13/site-packages/django/db/models/query.py", line 95, in __iter__
    results = compiler.execute_sql(
        chunked_fetch=self.chunked_fetch, chunk_size=self.chunk_size
    )
  File "/Users/sammac/Desktop/org-repo/Scheduler_UI_only/.venv/lib/python3.13/site-packages/django/db/models/sql/compiler.py", line 1624, in execute_sql
    cursor.execute(sql, params)
    ~~~~~~~~~~~~~~^^^^^^^^^^^^^
  File "/Users/sammac/Desktop/org-repo/Scheduler_UI_only/.venv/lib/python3.13/site-packages/django/db/backends/utils.py", line 79, in execute
    return self._execute_with_wrappers(
           ~~~~~~~~~~~~~~~~~~~~~~~~~~~^
        sql, params, many=False, executor=self._execute
        ^^^^^^^^^^^^^^^^^^^^^^^^^^^^^^^^^^^^^^^^^^^^^^^
    )
    ^
  File "/Users/sammac/Desktop/org-repo/Scheduler_UI_only/.venv/lib/python3.13/site-packages/django/db/backends/utils.py", line 92, in _execute_with_wrappers
    return executor(sql, params, many, context)
  File "/Users/sammac/Desktop/org-repo/Scheduler_UI_only/.venv/lib/python3.13/site-packages/django/db/backends/utils.py", line 100, in _execute
    with self.db.wrap_database_errors:
         ^^^^^^^^^^^^^^^^^^^^^^^^^^^^
  File "/Users/sammac/Desktop/org-repo/Scheduler_UI_only/.venv/lib/python3.13/site-packages/django/db/utils.py", line 94, in __exit__
    raise dj_exc_value.with_traceback(traceback) from exc_value
  File "/Users/sammac/Desktop/org-repo/Scheduler_UI_only/.venv/lib/python3.13/site-packages/django/db/backends/utils.py", line 105, in _execute
    return self.cursor.execute(sql, params)
           ~~~~~~~~~~~~~~~~~~~^^^^^^^^^^^^^
  File "/Users/sammac/Desktop/org-repo/Scheduler_UI_only/.venv/lib/python3.13/site-packages/django/db/backends/sqlite3/base.py", line 359, in execute
    return super().execute(query, params)
           ~~~~~~~~~~~~~~~^^^^^^^^^^^^^^^
django.db.utils.OperationalError: no such table: django_session
Internal Server Error: /favicon.ico
Traceback (most recent call last):
  File "/Users/sammac/Desktop/org-repo/Scheduler_UI_only/.venv/lib/python3.13/site-packages/django/contrib/sessions/backends/base.py", line 246, in _get_session
    return self._session_cache
           ^^^^^^^^^^^^^^^^^^^
AttributeError: 'SessionStore' object has no attribute '_session_cache'

During handling of the above exception, another exception occurred:

Traceback (most recent call last):
  File "/Users/sammac/Desktop/org-repo/Scheduler_UI_only/.venv/lib/python3.13/site-packages/django/db/backends/utils.py", line 105, in _execute
    return self.cursor.execute(sql, params)
           ~~~~~~~~~~~~~~~~~~~^^^^^^^^^^^^^
  File "/Users/sammac/Desktop/org-repo/Scheduler_UI_only/.venv/lib/python3.13/site-packages/django/db/backends/sqlite3/base.py", line 359, in execute
    return super().execute(query, params)
           ~~~~~~~~~~~~~~~^^^^^^^^^^^^^^^
sqlite3.OperationalError: no such table: django_session

The above exception was the direct cause of the following exception:

Traceback (most recent call last):
  File "/Users/sammac/Desktop/org-repo/Scheduler_UI_only/.venv/lib/python3.13/site-packages/django/core/handlers/exception.py", line 55, in inner
    response = get_response(request)
  File "/Users/sammac/Desktop/org-repo/Scheduler_UI_only/projttgs/ttgen/superadmin_views.py", line 2594, in __call__
    request.session.get(SESSION_FLAG)
    ~~~~~~~~~~~~~~~~~~~^^^^^^^^^^^^^^
  File "/Users/sammac/Desktop/org-repo/Scheduler_UI_only/.venv/lib/python3.13/site-packages/django/contrib/sessions/backends/base.py", line 74, in get
    return self._session.get(key, default)
           ^^^^^^^^^^^^^
  File "/Users/sammac/Desktop/org-repo/Scheduler_UI_only/.venv/lib/python3.13/site-packages/django/contrib/sessions/backends/base.py", line 251, in _get_session
    self._session_cache = self.load()
                          ~~~~~~~~~^^
  File "/Users/sammac/Desktop/org-repo/Scheduler_UI_only/.venv/lib/python3.13/site-packages/django/contrib/sessions/backends/db.py", line 55, in load
    s = self._get_session_from_db()
  File "/Users/sammac/Desktop/org-repo/Scheduler_UI_only/.venv/lib/python3.13/site-packages/django/contrib/sessions/backends/db.py", line 34, in _get_session_from_db
    return self.model.objects.get(
           ~~~~~~~~~~~~~~~~~~~~~~^
        session_key=self.session_key, expire_date__gt=timezone.now()
        ^^^^^^^^^^^^^^^^^^^^^^^^^^^^^^^^^^^^^^^^^^^^^^^^^^^^^^^^^^^^
    )
    ^
  File "/Users/sammac/Desktop/org-repo/Scheduler_UI_only/.venv/lib/python3.13/site-packages/django/db/models/manager.py", line 87, in manager_method
    return getattr(self.get_queryset(), name)(*args, **kwargs)
           ~~~~~~~~~~~~~~~~~~~~~~~~~~~~~~~~~~^^^^^^^^^^^^^^^^^
  File "/Users/sammac/Desktop/org-repo/Scheduler_UI_only/.venv/lib/python3.13/site-packages/django/db/models/query.py", line 635, in get
    num = len(clone)
  File "/Users/sammac/Desktop/org-repo/Scheduler_UI_only/.venv/lib/python3.13/site-packages/django/db/models/query.py", line 372, in __len__
    self._fetch_all()
    ~~~~~~~~~~~~~~~^^
  File "/Users/sammac/Desktop/org-repo/Scheduler_UI_only/.venv/lib/python3.13/site-packages/django/db/models/query.py", line 2000, in _fetch_all
    self._result_cache = list(self._iterable_class(self))
                         ~~~~^^^^^^^^^^^^^^^^^^^^^^^^^^^^
  File "/Users/sammac/Desktop/org-repo/Scheduler_UI_only/.venv/lib/python3.13/site-packages/django/db/models/query.py", line 95, in __iter__
    results = compiler.execute_sql(
        chunked_fetch=self.chunked_fetch, chunk_size=self.chunk_size
    )
  File "/Users/sammac/Desktop/org-repo/Scheduler_UI_only/.venv/lib/python3.13/site-packages/django/db/models/sql/compiler.py", line 1624, in execute_sql
    cursor.execute(sql, params)
    ~~~~~~~~~~~~~~^^^^^^^^^^^^^
  File "/Users/sammac/Desktop/org-repo/Scheduler_UI_only/.venv/lib/python3.13/site-packages/django/db/backends/utils.py", line 79, in execute
    return self._execute_with_wrappers(
           ~~~~~~~~~~~~~~~~~~~~~~~~~~~^
        sql, params, many=False, executor=self._execute
        ^^^^^^^^^^^^^^^^^^^^^^^^^^^^^^^^^^^^^^^^^^^^^^^
    )
    ^
  File "/Users/sammac/Desktop/org-repo/Scheduler_UI_only/.venv/lib/python3.13/site-packages/django/db/backends/utils.py", line 92, in _execute_with_wrappers
    return executor(sql, params, many, context)
  File "/Users/sammac/Desktop/org-repo/Scheduler_UI_only/.venv/lib/python3.13/site-packages/django/db/backends/utils.py", line 100, in _execute
    with self.db.wrap_database_errors:
         ^^^^^^^^^^^^^^^^^^^^^^^^^^^^
  File "/Users/sammac/Desktop/org-repo/Scheduler_UI_only/.venv/lib/python3.13/site-packages/django/db/utils.py", line 94, in __exit__
    raise dj_exc_value.with_traceback(traceback) from exc_value
  File "/Users/sammac/Desktop/org-repo/Scheduler_UI_only/.venv/lib/python3.13/site-packages/django/db/backends/utils.py", line 105, in _execute
    return self.cursor.execute(sql, params)
           ~~~~~~~~~~~~~~~~~~~^^^^^^^^^^^^^
  File "/Users/sammac/Desktop/org-repo/Scheduler_UI_only/.venv/lib/python3.13/site-packages/django/db/backends/sqlite3/base.py", line 359, in execute
    return super().execute(query, params)
           ~~~~~~~~~~~~~~~^^^^^^^^^^^^^^^
django.db.utils.OperationalError: no such table: django_session
Internal Server Error: /
Traceback (most recent call last):
  File "/Users/sammac/Desktop/org-repo/Scheduler_UI_only/.venv/lib/python3.13/site-packages/django/contrib/sessions/backends/base.py", line 246, in _get_session
    return self._session_cache
           ^^^^^^^^^^^^^^^^^^^
AttributeError: 'SessionStore' object has no attribute '_session_cache'

During handling of the above exception, another exception occurred:

Traceback (most recent call last):
  File "/Users/sammac/Desktop/org-repo/Scheduler_UI_only/.venv/lib/python3.13/site-packages/django/db/backends/utils.py", line 105, in _execute
    return self.cursor.execute(sql, params)
           ~~~~~~~~~~~~~~~~~~~^^^^^^^^^^^^^
  File "/Users/sammac/Desktop/org-repo/Scheduler_UI_only/.venv/lib/python3.13/site-packages/django/db/backends/sqlite3/base.py", line 359, in execute
    return super().execute(query, params)
           ~~~~~~~~~~~~~~~^^^^^^^^^^^^^^^
sqlite3.OperationalError: no such table: django_session

The above exception was the direct cause of the following exception:

Traceback (most recent call last):
  File "/Users/sammac/Desktop/org-repo/Scheduler_UI_only/.venv/lib/python3.13/site-packages/django/core/handlers/exception.py", line 55, in inner
    response = get_response(request)
  File "/Users/sammac/Desktop/org-repo/Scheduler_UI_only/projttgs/ttgen/superadmin_views.py", line 2594, in __call__
    request.session.get(SESSION_FLAG)
    ~~~~~~~~~~~~~~~~~~~^^^^^^^^^^^^^^
  File "/Users/sammac/Desktop/org-repo/Scheduler_UI_only/.venv/lib/python3.13/site-packages/django/contrib/sessions/backends/base.py", line 74, in get
    return self._session.get(key, default)
           ^^^^^^^^^^^^^
  File "/Users/sammac/Desktop/org-repo/Scheduler_UI_only/.venv/lib/python3.13/site-packages/django/contrib/sessions/backends/base.py", line 251, in _get_session
    self._session_cache = self.load()
                          ~~~~~~~~~^^
  File "/Users/sammac/Desktop/org-repo/Scheduler_UI_only/.venv/lib/python3.13/site-packages/django/contrib/sessions/backends/db.py", line 55, in load
    s = self._get_session_from_db()
  File "/Users/sammac/Desktop/org-repo/Scheduler_UI_only/.venv/lib/python3.13/site-packages/django/contrib/sessions/backends/db.py", line 34, in _get_session_from_db
    return self.model.objects.get(
           ~~~~~~~~~~~~~~~~~~~~~~^
        session_key=self.session_key, expire_date__gt=timezone.now()
        ^^^^^^^^^^^^^^^^^^^^^^^^^^^^^^^^^^^^^^^^^^^^^^^^^^^^^^^^^^^^
    )
    ^
  File "/Users/sammac/Desktop/org-repo/Scheduler_UI_only/.venv/lib/python3.13/site-packages/django/db/models/manager.py", line 87, in manager_method
    return getattr(self.get_queryset(), name)(*args, **kwargs)
           ~~~~~~~~~~~~~~~~~~~~~~~~~~~~~~~~~~^^^^^^^^^^^^^^^^^
  File "/Users/sammac/Desktop/org-repo/Scheduler_UI_only/.venv/lib/python3.13/site-packages/django/db/models/query.py", line 635, in get
    num = len(clone)
  File "/Users/sammac/Desktop/org-repo/Scheduler_UI_only/.venv/lib/python3.13/site-packages/django/db/models/query.py", line 372, in __len__
    self._fetch_all()
    ~~~~~~~~~~~~~~~^^
  File "/Users/sammac/Desktop/org-repo/Scheduler_UI_only/.venv/lib/python3.13/site-packages/django/db/models/query.py", line 2000, in _fetch_all
    self._result_cache = list(self._iterable_class(self))
                         ~~~~^^^^^^^^^^^^^^^^^^^^^^^^^^^^
  File "/Users/sammac/Desktop/org-repo/Scheduler_UI_only/.venv/lib/python3.13/site-packages/django/db/models/query.py", line 95, in __iter__
    results = compiler.execute_sql(
        chunked_fetch=self.chunked_fetch, chunk_size=self.chunk_size
    )
  File "/Users/sammac/Desktop/org-repo/Scheduler_UI_only/.venv/lib/python3.13/site-packages/django/db/models/sql/compiler.py", line 1624, in execute_sql
    cursor.execute(sql, params)
    ~~~~~~~~~~~~~~^^^^^^^^^^^^^
  File "/Users/sammac/Desktop/org-repo/Scheduler_UI_only/.venv/lib/python3.13/site-packages/django/db/backends/utils.py", line 79, in execute
    return self._execute_with_wrappers(
           ~~~~~~~~~~~~~~~~~~~~~~~~~~~^
        sql, params, many=False, executor=self._execute
        ^^^^^^^^^^^^^^^^^^^^^^^^^^^^^^^^^^^^^^^^^^^^^^^
    )
    ^
  File "/Users/sammac/Desktop/org-repo/Scheduler_UI_only/.venv/lib/python3.13/site-packages/django/db/backends/utils.py", line 92, in _execute_with_wrappers
    return executor(sql, params, many, context)
  File "/Users/sammac/Desktop/org-repo/Scheduler_UI_only/.venv/lib/python3.13/site-packages/django/db/backends/utils.py", line 100, in _execute
    with self.db.wrap_database_errors:
         ^^^^^^^^^^^^^^^^^^^^^^^^^^^^
  File "/Users/sammac/Desktop/org-repo/Scheduler_UI_only/.venv/lib/python3.13/site-packages/django/db/utils.py", line 94, in __exit__
    raise dj_exc_value.with_traceback(traceback) from exc_value
  File "/Users/sammac/Desktop/org-repo/Scheduler_UI_only/.venv/lib/python3.13/site-packages/django/db/backends/utils.py", line 105, in _execute
    return self.cursor.execute(sql, params)
           ~~~~~~~~~~~~~~~~~~~^^^^^^^^^^^^^
  File "/Users/sammac/Desktop/org-repo/Scheduler_UI_only/.venv/lib/python3.13/site-packages/django/db/backends/sqlite3/base.py", line 359, in execute
    return super().execute(query, params)
           ~~~~~~~~~~~~~~~^^^^^^^^^^^^^^^
django.db.utils.OperationalError: no such table: django_session
Internal Server Error: /favicon.ico
Traceback (most recent call last):
  File "/Users/sammac/Desktop/org-repo/Scheduler_UI_only/.venv/lib/python3.13/site-packages/django/contrib/sessions/backends/base.py", line 246, in _get_session
    return self._session_cache
           ^^^^^^^^^^^^^^^^^^^
AttributeError: 'SessionStore' object has no attribute '_session_cache'

During handling of the above exception, another exception occurred:

Traceback (most recent call last):
  File "/Users/sammac/Desktop/org-repo/Scheduler_UI_only/.venv/lib/python3.13/site-packages/django/db/backends/utils.py", line 105, in _execute
    return self.cursor.execute(sql, params)
           ~~~~~~~~~~~~~~~~~~~^^^^^^^^^^^^^
  File "/Users/sammac/Desktop/org-repo/Scheduler_UI_only/.venv/lib/python3.13/site-packages/django/db/backends/sqlite3/base.py", line 359, in execute
    return super().execute(query, params)
           ~~~~~~~~~~~~~~~^^^^^^^^^^^^^^^
sqlite3.OperationalError: no such table: django_session

The above exception was the direct cause of the following exception:

Traceback (most recent call last):
  File "/Users/sammac/Desktop/org-repo/Scheduler_UI_only/.venv/lib/python3.13/site-packages/django/core/handlers/exception.py", line 55, in inner
    response = get_response(request)
  File "/Users/sammac/Desktop/org-repo/Scheduler_UI_only/projttgs/ttgen/superadmin_views.py", line 2594, in __call__
    request.session.get(SESSION_FLAG)
    ~~~~~~~~~~~~~~~~~~~^^^^^^^^^^^^^^
  File "/Users/sammac/Desktop/org-repo/Scheduler_UI_only/.venv/lib/python3.13/site-packages/django/contrib/sessions/backends/base.py", line 74, in get
    return self._session.get(key, default)
           ^^^^^^^^^^^^^
  File "/Users/sammac/Desktop/org-repo/Scheduler_UI_only/.venv/lib/python3.13/site-packages/django/contrib/sessions/backends/base.py", line 251, in _get_session
    self._session_cache = self.load()
                          ~~~~~~~~~^^
  File "/Users/sammac/Desktop/org-repo/Scheduler_UI_only/.venv/lib/python3.13/site-packages/django/contrib/sessions/backends/db.py", line 55, in load
    s = self._get_session_from_db()
  File "/Users/sammac/Desktop/org-repo/Scheduler_UI_only/.venv/lib/python3.13/site-packages/django/contrib/sessions/backends/db.py", line 34, in _get_session_from_db
    return self.model.objects.get(
           ~~~~~~~~~~~~~~~~~~~~~~^
        session_key=self.session_key, expire_date__gt=timezone.now()
        ^^^^^^^^^^^^^^^^^^^^^^^^^^^^^^^^^^^^^^^^^^^^^^^^^^^^^^^^^^^^
    )
    ^
  File "/Users/sammac/Desktop/org-repo/Scheduler_UI_only/.venv/lib/python3.13/site-packages/django/db/models/manager.py", line 87, in manager_method
    return getattr(self.get_queryset(), name)(*args, **kwargs)
           ~~~~~~~~~~~~~~~~~~~~~~~~~~~~~~~~~~^^^^^^^^^^^^^^^^^
  File "/Users/sammac/Desktop/org-repo/Scheduler_UI_only/.venv/lib/python3.13/site-packages/django/db/models/query.py", line 635, in get
    num = len(clone)
  File "/Users/sammac/Desktop/org-repo/Scheduler_UI_only/.venv/lib/python3.13/site-packages/django/db/models/query.py", line 372, in __len__
    self._fetch_all()
    ~~~~~~~~~~~~~~~^^
  File "/Users/sammac/Desktop/org-repo/Scheduler_UI_only/.venv/lib/python3.13/site-packages/django/db/models/query.py", line 2000, in _fetch_all
    self._result_cache = list(self._iterable_class(self))
                         ~~~~^^^^^^^^^^^^^^^^^^^^^^^^^^^^
  File "/Users/sammac/Desktop/org-repo/Scheduler_UI_only/.venv/lib/python3.13/site-packages/django/db/models/query.py", line 95, in __iter__
    results = compiler.execute_sql(
        chunked_fetch=self.chunked_fetch, chunk_size=self.chunk_size
    )
  File "/Users/sammac/Desktop/org-repo/Scheduler_UI_only/.venv/lib/python3.13/site-packages/django/db/models/sql/compiler.py", line 1624, in execute_sql
    cursor.execute(sql, params)
    ~~~~~~~~~~~~~~^^^^^^^^^^^^^
  File "/Users/sammac/Desktop/org-repo/Scheduler_UI_only/.venv/lib/python3.13/site-packages/django/db/backends/utils.py", line 79, in execute
    return self._execute_with_wrappers(
           ~~~~~~~~~~~~~~~~~~~~~~~~~~~^
        sql, params, many=False, executor=self._execute
        ^^^^^^^^^^^^^^^^^^^^^^^^^^^^^^^^^^^^^^^^^^^^^^^
    )
    ^
  File "/Users/sammac/Desktop/org-repo/Scheduler_UI_only/.venv/lib/python3.13/site-packages/django/db/backends/utils.py", line 92, in _execute_with_wrappers
    return executor(sql, params, many, context)
  File "/Users/sammac/Desktop/org-repo/Scheduler_UI_only/.venv/lib/python3.13/site-packages/django/db/backends/utils.py", line 100, in _execute
    with self.db.wrap_database_errors:
         ^^^^^^^^^^^^^^^^^^^^^^^^^^^^
  File "/Users/sammac/Desktop/org-repo/Scheduler_UI_only/.venv/lib/python3.13/site-packages/django/db/utils.py", line 94, in __exit__
    raise dj_exc_value.with_traceback(traceback) from exc_value
  File "/Users/sammac/Desktop/org-repo/Scheduler_UI_only/.venv/lib/python3.13/site-packages/django/db/backends/utils.py", line 105, in _execute
    return self.cursor.execute(sql, params)
           ~~~~~~~~~~~~~~~~~~~^^^^^^^^^^^^^
  File "/Users/sammac/Desktop/org-repo/Scheduler_UI_only/.venv/lib/python3.13/site-packages/django/db/backends/sqlite3/base.py", line 359, in execute
    return super().execute(query, params)
           ~~~~~~~~~~~~~~~^^^^^^^^^^^^^^^
django.db.utils.OperationalError: no such table: django_session
Internal Server Error: /
Traceback (most recent call last):
  File "/Users/sammac/Desktop/org-repo/Scheduler_UI_only/.venv/lib/python3.13/site-packages/django/contrib/sessions/backends/base.py", line 246, in _get_session
    return self._session_cache
           ^^^^^^^^^^^^^^^^^^^
AttributeError: 'SessionStore' object has no attribute '_session_cache'

During handling of the above exception, another exception occurred:

Traceback (most recent call last):
  File "/Users/sammac/Desktop/org-repo/Scheduler_UI_only/.venv/lib/python3.13/site-packages/django/db/backends/utils.py", line 105, in _execute
    return self.cursor.execute(sql, params)
           ~~~~~~~~~~~~~~~~~~~^^^^^^^^^^^^^
  File "/Users/sammac/Desktop/org-repo/Scheduler_UI_only/.venv/lib/python3.13/site-packages/django/db/backends/sqlite3/base.py", line 359, in execute
    return super().execute(query, params)
           ~~~~~~~~~~~~~~~^^^^^^^^^^^^^^^
sqlite3.OperationalError: no such table: django_session

The above exception was the direct cause of the following exception:

Traceback (most recent call last):
  File "/Users/sammac/Desktop/org-repo/Scheduler_UI_only/.venv/lib/python3.13/site-packages/django/core/handlers/exception.py", line 55, in inner
    response = get_response(request)
  File "/Users/sammac/Desktop/org-repo/Scheduler_UI_only/projttgs/ttgen/superadmin_views.py", line 2594, in __call__
    request.session.get(SESSION_FLAG)
    ~~~~~~~~~~~~~~~~~~~^^^^^^^^^^^^^^
  File "/Users/sammac/Desktop/org-repo/Scheduler_UI_only/.venv/lib/python3.13/site-packages/django/contrib/sessions/backends/base.py", line 74, in get
    return self._session.get(key, default)
           ^^^^^^^^^^^^^
  File "/Users/sammac/Desktop/org-repo/Scheduler_UI_only/.venv/lib/python3.13/site-packages/django/contrib/sessions/backends/base.py", line 251, in _get_session
    self._session_cache = self.load()
                          ~~~~~~~~~^^
  File "/Users/sammac/Desktop/org-repo/Scheduler_UI_only/.venv/lib/python3.13/site-packages/django/contrib/sessions/backends/db.py", line 55, in load
    s = self._get_session_from_db()
  File "/Users/sammac/Desktop/org-repo/Scheduler_UI_only/.venv/lib/python3.13/site-packages/django/contrib/sessions/backends/db.py", line 34, in _get_session_from_db
    return self.model.objects.get(
           ~~~~~~~~~~~~~~~~~~~~~~^
        session_key=self.session_key, expire_date__gt=timezone.now()
        ^^^^^^^^^^^^^^^^^^^^^^^^^^^^^^^^^^^^^^^^^^^^^^^^^^^^^^^^^^^^
    )
    ^
  File "/Users/sammac/Desktop/org-repo/Scheduler_UI_only/.venv/lib/python3.13/site-packages/django/db/models/manager.py", line 87, in manager_method
    return getattr(self.get_queryset(), name)(*args, **kwargs)
           ~~~~~~~~~~~~~~~~~~~~~~~~~~~~~~~~~~^^^^^^^^^^^^^^^^^
  File "/Users/sammac/Desktop/org-repo/Scheduler_UI_only/.venv/lib/python3.13/site-packages/django/db/models/query.py", line 635, in get
    num = len(clone)
  File "/Users/sammac/Desktop/org-repo/Scheduler_UI_only/.venv/lib/python3.13/site-packages/django/db/models/query.py", line 372, in __len__
    self._fetch_all()
    ~~~~~~~~~~~~~~~^^
  File "/Users/sammac/Desktop/org-repo/Scheduler_UI_only/.venv/lib/python3.13/site-packages/django/db/models/query.py", line 2000, in _fetch_all
    self._result_cache = list(self._iterable_class(self))
                         ~~~~^^^^^^^^^^^^^^^^^^^^^^^^^^^^
  File "/Users/sammac/Desktop/org-repo/Scheduler_UI_only/.venv/lib/python3.13/site-packages/django/db/models/query.py", line 95, in __iter__
    results = compiler.execute_sql(
        chunked_fetch=self.chunked_fetch, chunk_size=self.chunk_size
    )
  File "/Users/sammac/Desktop/org-repo/Scheduler_UI_only/.venv/lib/python3.13/site-packages/django/db/models/sql/compiler.py", line 1624, in execute_sql
    cursor.execute(sql, params)
    ~~~~~~~~~~~~~~^^^^^^^^^^^^^
  File "/Users/sammac/Desktop/org-repo/Scheduler_UI_only/.venv/lib/python3.13/site-packages/django/db/backends/utils.py", line 79, in execute
    return self._execute_with_wrappers(
           ~~~~~~~~~~~~~~~~~~~~~~~~~~~^
        sql, params, many=False, executor=self._execute
        ^^^^^^^^^^^^^^^^^^^^^^^^^^^^^^^^^^^^^^^^^^^^^^^
    )
    ^
  File "/Users/sammac/Desktop/org-repo/Scheduler_UI_only/.venv/lib/python3.13/site-packages/django/db/backends/utils.py", line 92, in _execute_with_wrappers
    return executor(sql, params, many, context)
  File "/Users/sammac/Desktop/org-repo/Scheduler_UI_only/.venv/lib/python3.13/site-packages/django/db/backends/utils.py", line 100, in _execute
    with self.db.wrap_database_errors:
         ^^^^^^^^^^^^^^^^^^^^^^^^^^^^
  File "/Users/sammac/Desktop/org-repo/Scheduler_UI_only/.venv/lib/python3.13/site-packages/django/db/utils.py", line 94, in __exit__
    raise dj_exc_value.with_traceback(traceback) from exc_value
  File "/Users/sammac/Desktop/org-repo/Scheduler_UI_only/.venv/lib/python3.13/site-packages/django/db/backends/utils.py", line 105, in _execute
    return self.cursor.execute(sql, params)
           ~~~~~~~~~~~~~~~~~~~^^^^^^^^^^^^^
  File "/Users/sammac/Desktop/org-repo/Scheduler_UI_only/.venv/lib/python3.13/site-packages/django/db/backends/sqlite3/base.py", line 359, in execute
    return super().execute(query, params)
           ~~~~~~~~~~~~~~~^^^^^^^^^^^^^^^
django.db.utils.OperationalError: no such table: django_session
Internal Server Error: /favicon.ico
Traceback (most recent call last):
  File "/Users/sammac/Desktop/org-repo/Scheduler_UI_only/.venv/lib/python3.13/site-packages/django/contrib/sessions/backends/base.py", line 246, in _get_session
    return self._session_cache
           ^^^^^^^^^^^^^^^^^^^
AttributeError: 'SessionStore' object has no attribute '_session_cache'

During handling of the above exception, another exception occurred:

Traceback (most recent call last):
  File "/Users/sammac/Desktop/org-repo/Scheduler_UI_only/.venv/lib/python3.13/site-packages/django/db/backends/utils.py", line 105, in _execute
    return self.cursor.execute(sql, params)
           ~~~~~~~~~~~~~~~~~~~^^^^^^^^^^^^^
  File "/Users/sammac/Desktop/org-repo/Scheduler_UI_only/.venv/lib/python3.13/site-packages/django/db/backends/sqlite3/base.py", line 359, in execute
    return super().execute(query, params)
           ~~~~~~~~~~~~~~~^^^^^^^^^^^^^^^
sqlite3.OperationalError: no such table: django_session

The above exception was the direct cause of the following exception:

Traceback (most recent call last):
  File "/Users/sammac/Desktop/org-repo/Scheduler_UI_only/.venv/lib/python3.13/site-packages/django/core/handlers/exception.py", line 55, in inner
    response = get_response(request)
  File "/Users/sammac/Desktop/org-repo/Scheduler_UI_only/projttgs/ttgen/superadmin_views.py", line 2594, in __call__
    request.session.get(SESSION_FLAG)
    ~~~~~~~~~~~~~~~~~~~^^^^^^^^^^^^^^
  File "/Users/sammac/Desktop/org-repo/Scheduler_UI_only/.venv/lib/python3.13/site-packages/django/contrib/sessions/backends/base.py", line 74, in get
    return self._session.get(key, default)
           ^^^^^^^^^^^^^
  File "/Users/sammac/Desktop/org-repo/Scheduler_UI_only/.venv/lib/python3.13/site-packages/django/contrib/sessions/backends/base.py", line 251, in _get_session
    self._session_cache = self.load()
                          ~~~~~~~~~^^
  File "/Users/sammac/Desktop/org-repo/Scheduler_UI_only/.venv/lib/python3.13/site-packages/django/contrib/sessions/backends/db.py", line 55, in load
    s = self._get_session_from_db()
  File "/Users/sammac/Desktop/org-repo/Scheduler_UI_only/.venv/lib/python3.13/site-packages/django/contrib/sessions/backends/db.py", line 34, in _get_session_from_db
    return self.model.objects.get(
           ~~~~~~~~~~~~~~~~~~~~~~^
        session_key=self.session_key, expire_date__gt=timezone.now()
        ^^^^^^^^^^^^^^^^^^^^^^^^^^^^^^^^^^^^^^^^^^^^^^^^^^^^^^^^^^^^
    )
    ^
  File "/Users/sammac/Desktop/org-repo/Scheduler_UI_only/.venv/lib/python3.13/site-packages/django/db/models/manager.py", line 87, in manager_method
    return getattr(self.get_queryset(), name)(*args, **kwargs)
           ~~~~~~~~~~~~~~~~~~~~~~~~~~~~~~~~~~^^^^^^^^^^^^^^^^^
  File "/Users/sammac/Desktop/org-repo/Scheduler_UI_only/.venv/lib/python3.13/site-packages/django/db/models/query.py", line 635, in get
    num = len(clone)
  File "/Users/sammac/Desktop/org-repo/Scheduler_UI_only/.venv/lib/python3.13/site-packages/django/db/models/query.py", line 372, in __len__
    self._fetch_all()
    ~~~~~~~~~~~~~~~^^
  File "/Users/sammac/Desktop/org-repo/Scheduler_UI_only/.venv/lib/python3.13/site-packages/django/db/models/query.py", line 2000, in _fetch_all
    self._result_cache = list(self._iterable_class(self))
                         ~~~~^^^^^^^^^^^^^^^^^^^^^^^^^^^^
  File "/Users/sammac/Desktop/org-repo/Scheduler_UI_only/.venv/lib/python3.13/site-packages/django/db/models/query.py", line 95, in __iter__
    results = compiler.execute_sql(
        chunked_fetch=self.chunked_fetch, chunk_size=self.chunk_size
    )
  File "/Users/sammac/Desktop/org-repo/Scheduler_UI_only/.venv/lib/python3.13/site-packages/django/db/models/sql/compiler.py", line 1624, in execute_sql
    cursor.execute(sql, params)
    ~~~~~~~~~~~~~~^^^^^^^^^^^^^
  File "/Users/sammac/Desktop/org-repo/Scheduler_UI_only/.venv/lib/python3.13/site-packages/django/db/backends/utils.py", line 79, in execute
    return self._execute_with_wrappers(
           ~~~~~~~~~~~~~~~~~~~~~~~~~~~^
        sql, params, many=False, executor=self._execute
        ^^^^^^^^^^^^^^^^^^^^^^^^^^^^^^^^^^^^^^^^^^^^^^^
    )
    ^
  File "/Users/sammac/Desktop/org-repo/Scheduler_UI_only/.venv/lib/python3.13/site-packages/django/db/backends/utils.py", line 92, in _execute_with_wrappers
    return executor(sql, params, many, context)
  File "/Users/sammac/Desktop/org-repo/Scheduler_UI_only/.venv/lib/python3.13/site-packages/django/db/backends/utils.py", line 100, in _execute
    with self.db.wrap_database_errors:
         ^^^^^^^^^^^^^^^^^^^^^^^^^^^^
  File "/Users/sammac/Desktop/org-repo/Scheduler_UI_only/.venv/lib/python3.13/site-packages/django/db/utils.py", line 94, in __exit__
    raise dj_exc_value.with_traceback(traceback) from exc_value
  File "/Users/sammac/Desktop/org-repo/Scheduler_UI_only/.venv/lib/python3.13/site-packages/django/db/backends/utils.py", line 105, in _execute
    return self.cursor.execute(sql, params)
           ~~~~~~~~~~~~~~~~~~~^^^^^^^^^^^^^
  File "/Users/sammac/Desktop/org-repo/Scheduler_UI_only/.venv/lib/python3.13/site-packages/django/db/backends/sqlite3/base.py", line 359, in execute
    return super().execute(query, params)
           ~~~~~~~~~~~~~~~^^^^^^^^^^^^^^^
django.db.utils.OperationalError: no such table: django_session
Internal Server Error: /
Traceback (most recent call last):
  File "/Users/sammac/Desktop/org-repo/Scheduler_UI_only/.venv/lib/python3.13/site-packages/django/contrib/sessions/backends/base.py", line 246, in _get_session
    return self._session_cache
           ^^^^^^^^^^^^^^^^^^^
AttributeError: 'SessionStore' object has no attribute '_session_cache'

During handling of the above exception, another exception occurred:

Traceback (most recent call last):
  File "/Users/sammac/Desktop/org-repo/Scheduler_UI_only/.venv/lib/python3.13/site-packages/django/db/backends/utils.py", line 105, in _execute
    return self.cursor.execute(sql, params)
           ~~~~~~~~~~~~~~~~~~~^^^^^^^^^^^^^
  File "/Users/sammac/Desktop/org-repo/Scheduler_UI_only/.venv/lib/python3.13/site-packages/django/db/backends/sqlite3/base.py", line 359, in execute
    return super().execute(query, params)
           ~~~~~~~~~~~~~~~^^^^^^^^^^^^^^^
sqlite3.OperationalError: no such table: django_session

The above exception was the direct cause of the following exception:

Traceback (most recent call last):
  File "/Users/sammac/Desktop/org-repo/Scheduler_UI_only/.venv/lib/python3.13/site-packages/django/core/handlers/exception.py", line 55, in inner
    response = get_response(request)
  File "/Users/sammac/Desktop/org-repo/Scheduler_UI_only/projttgs/ttgen/superadmin_views.py", line 2594, in __call__
    request.session.get(SESSION_FLAG)
    ~~~~~~~~~~~~~~~~~~~^^^^^^^^^^^^^^
  File "/Users/sammac/Desktop/org-repo/Scheduler_UI_only/.venv/lib/python3.13/site-packages/django/contrib/sessions/backends/base.py", line 74, in get
    return self._session.get(key, default)
           ^^^^^^^^^^^^^
  File "/Users/sammac/Desktop/org-repo/Scheduler_UI_only/.venv/lib/python3.13/site-packages/django/contrib/sessions/backends/base.py", line 251, in _get_session
    self._session_cache = self.load()
                          ~~~~~~~~~^^
  File "/Users/sammac/Desktop/org-repo/Scheduler_UI_only/.venv/lib/python3.13/site-packages/django/contrib/sessions/backends/db.py", line 55, in load
    s = self._get_session_from_db()
  File "/Users/sammac/Desktop/org-repo/Scheduler_UI_only/.venv/lib/python3.13/site-packages/django/contrib/sessions/backends/db.py", line 34, in _get_session_from_db
    return self.model.objects.get(
           ~~~~~~~~~~~~~~~~~~~~~~^
        session_key=self.session_key, expire_date__gt=timezone.now()
        ^^^^^^^^^^^^^^^^^^^^^^^^^^^^^^^^^^^^^^^^^^^^^^^^^^^^^^^^^^^^
    )
    ^
  File "/Users/sammac/Desktop/org-repo/Scheduler_UI_only/.venv/lib/python3.13/site-packages/django/db/models/manager.py", line 87, in manager_method
    return getattr(self.get_queryset(), name)(*args, **kwargs)
           ~~~~~~~~~~~~~~~~~~~~~~~~~~~~~~~~~~^^^^^^^^^^^^^^^^^
  File "/Users/sammac/Desktop/org-repo/Scheduler_UI_only/.venv/lib/python3.13/site-packages/django/db/models/query.py", line 635, in get
    num = len(clone)
  File "/Users/sammac/Desktop/org-repo/Scheduler_UI_only/.venv/lib/python3.13/site-packages/django/db/models/query.py", line 372, in __len__
    self._fetch_all()
    ~~~~~~~~~~~~~~~^^
  File "/Users/sammac/Desktop/org-repo/Scheduler_UI_only/.venv/lib/python3.13/site-packages/django/db/models/query.py", line 2000, in _fetch_all
    self._result_cache = list(self._iterable_class(self))
                         ~~~~^^^^^^^^^^^^^^^^^^^^^^^^^^^^
  File "/Users/sammac/Desktop/org-repo/Scheduler_UI_only/.venv/lib/python3.13/site-packages/django/db/models/query.py", line 95, in __iter__
    results = compiler.execute_sql(
        chunked_fetch=self.chunked_fetch, chunk_size=self.chunk_size
    )
  File "/Users/sammac/Desktop/org-repo/Scheduler_UI_only/.venv/lib/python3.13/site-packages/django/db/models/sql/compiler.py", line 1624, in execute_sql
    cursor.execute(sql, params)
    ~~~~~~~~~~~~~~^^^^^^^^^^^^^
  File "/Users/sammac/Desktop/org-repo/Scheduler_UI_only/.venv/lib/python3.13/site-packages/django/db/backends/utils.py", line 79, in execute
    return self._execute_with_wrappers(
           ~~~~~~~~~~~~~~~~~~~~~~~~~~~^
        sql, params, many=False, executor=self._execute
        ^^^^^^^^^^^^^^^^^^^^^^^^^^^^^^^^^^^^^^^^^^^^^^^
    )
    ^
  File "/Users/sammac/Desktop/org-repo/Scheduler_UI_only/.venv/lib/python3.13/site-packages/django/db/backends/utils.py", line 92, in _execute_with_wrappers
    return executor(sql, params, many, context)
  File "/Users/sammac/Desktop/org-repo/Scheduler_UI_only/.venv/lib/python3.13/site-packages/django/db/backends/utils.py", line 100, in _execute
    with self.db.wrap_database_errors:
         ^^^^^^^^^^^^^^^^^^^^^^^^^^^^
  File "/Users/sammac/Desktop/org-repo/Scheduler_UI_only/.venv/lib/python3.13/site-packages/django/db/utils.py", line 94, in __exit__
    raise dj_exc_value.with_traceback(traceback) from exc_value
  File "/Users/sammac/Desktop/org-repo/Scheduler_UI_only/.venv/lib/python3.13/site-packages/django/db/backends/utils.py", line 105, in _execute
    return self.cursor.execute(sql, params)
           ~~~~~~~~~~~~~~~~~~~^^^^^^^^^^^^^
  File "/Users/sammac/Desktop/org-repo/Scheduler_UI_only/.venv/lib/python3.13/site-packages/django/db/backends/sqlite3/base.py", line 359, in execute
    return super().execute(query, params)
           ~~~~~~~~~~~~~~~^^^^^^^^^^^^^^^
django.db.utils.OperationalError: no such table: django_session
Internal Server Error: /favicon.ico
Traceback (most recent call last):
  File "/Users/sammac/Desktop/org-repo/Scheduler_UI_only/.venv/lib/python3.13/site-packages/django/contrib/sessions/backends/base.py", line 246, in _get_session
    return self._session_cache
           ^^^^^^^^^^^^^^^^^^^
AttributeError: 'SessionStore' object has no attribute '_session_cache'

During handling of the above exception, another exception occurred:

Traceback (most recent call last):
  File "/Users/sammac/Desktop/org-repo/Scheduler_UI_only/.venv/lib/python3.13/site-packages/django/db/backends/utils.py", line 105, in _execute
    return self.cursor.execute(sql, params)
           ~~~~~~~~~~~~~~~~~~~^^^^^^^^^^^^^
  File "/Users/sammac/Desktop/org-repo/Scheduler_UI_only/.venv/lib/python3.13/site-packages/django/db/backends/sqlite3/base.py", line 359, in execute
    return super().execute(query, params)
           ~~~~~~~~~~~~~~~^^^^^^^^^^^^^^^
sqlite3.OperationalError: no such table: django_session

The above exception was the direct cause of the following exception:

Traceback (most recent call last):
  File "/Users/sammac/Desktop/org-repo/Scheduler_UI_only/.venv/lib/python3.13/site-packages/django/core/handlers/exception.py", line 55, in inner
    response = get_response(request)
  File "/Users/sammac/Desktop/org-repo/Scheduler_UI_only/projttgs/ttgen/superadmin_views.py", line 2594, in __call__
    request.session.get(SESSION_FLAG)
    ~~~~~~~~~~~~~~~~~~~^^^^^^^^^^^^^^
  File "/Users/sammac/Desktop/org-repo/Scheduler_UI_only/.venv/lib/python3.13/site-packages/django/contrib/sessions/backends/base.py", line 74, in get
    return self._session.get(key, default)
           ^^^^^^^^^^^^^
  File "/Users/sammac/Desktop/org-repo/Scheduler_UI_only/.venv/lib/python3.13/site-packages/django/contrib/sessions/backends/base.py", line 251, in _get_session
    self._session_cache = self.load()
                          ~~~~~~~~~^^
  File "/Users/sammac/Desktop/org-repo/Scheduler_UI_only/.venv/lib/python3.13/site-packages/django/contrib/sessions/backends/db.py", line 55, in load
    s = self._get_session_from_db()
  File "/Users/sammac/Desktop/org-repo/Scheduler_UI_only/.venv/lib/python3.13/site-packages/django/contrib/sessions/backends/db.py", line 34, in _get_session_from_db
    return self.model.objects.get(
           ~~~~~~~~~~~~~~~~~~~~~~^
        session_key=self.session_key, expire_date__gt=timezone.now()
        ^^^^^^^^^^^^^^^^^^^^^^^^^^^^^^^^^^^^^^^^^^^^^^^^^^^^^^^^^^^^
    )
    ^
  File "/Users/sammac/Desktop/org-repo/Scheduler_UI_only/.venv/lib/python3.13/site-packages/django/db/models/manager.py", line 87, in manager_method
    return getattr(self.get_queryset(), name)(*args, **kwargs)
           ~~~~~~~~~~~~~~~~~~~~~~~~~~~~~~~~~~^^^^^^^^^^^^^^^^^
  File "/Users/sammac/Desktop/org-repo/Scheduler_UI_only/.venv/lib/python3.13/site-packages/django/db/models/query.py", line 635, in get
    num = len(clone)
  File "/Users/sammac/Desktop/org-repo/Scheduler_UI_only/.venv/lib/python3.13/site-packages/django/db/models/query.py", line 372, in __len__
    self._fetch_all()
    ~~~~~~~~~~~~~~~^^
  File "/Users/sammac/Desktop/org-repo/Scheduler_UI_only/.venv/lib/python3.13/site-packages/django/db/models/query.py", line 2000, in _fetch_all
    self._result_cache = list(self._iterable_class(self))
                         ~~~~^^^^^^^^^^^^^^^^^^^^^^^^^^^^
  File "/Users/sammac/Desktop/org-repo/Scheduler_UI_only/.venv/lib/python3.13/site-packages/django/db/models/query.py", line 95, in __iter__
    results = compiler.execute_sql(
        chunked_fetch=self.chunked_fetch, chunk_size=self.chunk_size
    )
  File "/Users/sammac/Desktop/org-repo/Scheduler_UI_only/.venv/lib/python3.13/site-packages/django/db/models/sql/compiler.py", line 1624, in execute_sql
    cursor.execute(sql, params)
    ~~~~~~~~~~~~~~^^^^^^^^^^^^^
  File "/Users/sammac/Desktop/org-repo/Scheduler_UI_only/.venv/lib/python3.13/site-packages/django/db/backends/utils.py", line 79, in execute
    return self._execute_with_wrappers(
           ~~~~~~~~~~~~~~~~~~~~~~~~~~~^
        sql, params, many=False, executor=self._execute
        ^^^^^^^^^^^^^^^^^^^^^^^^^^^^^^^^^^^^^^^^^^^^^^^
    )
    ^
  File "/Users/sammac/Desktop/org-repo/Scheduler_UI_only/.venv/lib/python3.13/site-packages/django/db/backends/utils.py", line 92, in _execute_with_wrappers
    return executor(sql, params, many, context)
  File "/Users/sammac/Desktop/org-repo/Scheduler_UI_only/.venv/lib/python3.13/site-packages/django/db/backends/utils.py", line 100, in _execute
    with self.db.wrap_database_errors:
         ^^^^^^^^^^^^^^^^^^^^^^^^^^^^
  File "/Users/sammac/Desktop/org-repo/Scheduler_UI_only/.venv/lib/python3.13/site-packages/django/db/utils.py", line 94, in __exit__
    raise dj_exc_value.with_traceback(traceback) from exc_value
  File "/Users/sammac/Desktop/org-repo/Scheduler_UI_only/.venv/lib/python3.13/site-packages/django/db/backends/utils.py", line 105, in _execute
    return self.cursor.execute(sql, params)
           ~~~~~~~~~~~~~~~~~~~^^^^^^^^^^^^^
  File "/Users/sammac/Desktop/org-repo/Scheduler_UI_only/.venv/lib/python3.13/site-packages/django/db/backends/sqlite3/base.py", line 359, in execute
    return super().execute(query, params)
           ~~~~~~~~~~~~~~~^^^^^^^^^^^^^^^
django.db.utils.OperationalError: no such table: django_session
Internal Server Error: /
Traceback (most recent call last):
  File "/Users/sammac/Desktop/org-repo/Scheduler_UI_only/.venv/lib/python3.13/site-packages/django/contrib/sessions/backends/base.py", line 246, in _get_session
    return self._session_cache
           ^^^^^^^^^^^^^^^^^^^
AttributeError: 'SessionStore' object has no attribute '_session_cache'

During handling of the above exception, another exception occurred:

Traceback (most recent call last):
  File "/Users/sammac/Desktop/org-repo/Scheduler_UI_only/.venv/lib/python3.13/site-packages/django/db/backends/utils.py", line 105, in _execute
    return self.cursor.execute(sql, params)
           ~~~~~~~~~~~~~~~~~~~^^^^^^^^^^^^^
  File "/Users/sammac/Desktop/org-repo/Scheduler_UI_only/.venv/lib/python3.13/site-packages/django/db/backends/sqlite3/base.py", line 359, in execute
    return super().execute(query, params)
           ~~~~~~~~~~~~~~~^^^^^^^^^^^^^^^
sqlite3.OperationalError: no such table: django_session

The above exception was the direct cause of the following exception:

Traceback (most recent call last):
  File "/Users/sammac/Desktop/org-repo/Scheduler_UI_only/.venv/lib/python3.13/site-packages/django/core/handlers/exception.py", line 55, in inner
    response = get_response(request)
  File "/Users/sammac/Desktop/org-repo/Scheduler_UI_only/projttgs/ttgen/superadmin_views.py", line 2594, in __call__
    request.session.get(SESSION_FLAG)
    ~~~~~~~~~~~~~~~~~~~^^^^^^^^^^^^^^
  File "/Users/sammac/Desktop/org-repo/Scheduler_UI_only/.venv/lib/python3.13/site-packages/django/contrib/sessions/backends/base.py", line 74, in get
    return self._session.get(key, default)
           ^^^^^^^^^^^^^
  File "/Users/sammac/Desktop/org-repo/Scheduler_UI_only/.venv/lib/python3.13/site-packages/django/contrib/sessions/backends/base.py", line 251, in _get_session
    self._session_cache = self.load()
                          ~~~~~~~~~^^
  File "/Users/sammac/Desktop/org-repo/Scheduler_UI_only/.venv/lib/python3.13/site-packages/django/contrib/sessions/backends/db.py", line 55, in load
    s = self._get_session_from_db()
  File "/Users/sammac/Desktop/org-repo/Scheduler_UI_only/.venv/lib/python3.13/site-packages/django/contrib/sessions/backends/db.py", line 34, in _get_session_from_db
    return self.model.objects.get(
           ~~~~~~~~~~~~~~~~~~~~~~^
        session_key=self.session_key, expire_date__gt=timezone.now()
        ^^^^^^^^^^^^^^^^^^^^^^^^^^^^^^^^^^^^^^^^^^^^^^^^^^^^^^^^^^^^
    )
    ^
  File "/Users/sammac/Desktop/org-repo/Scheduler_UI_only/.venv/lib/python3.13/site-packages/django/db/models/manager.py", line 87, in manager_method
    return getattr(self.get_queryset(), name)(*args, **kwargs)
           ~~~~~~~~~~~~~~~~~~~~~~~~~~~~~~~~~~^^^^^^^^^^^^^^^^^
  File "/Users/sammac/Desktop/org-repo/Scheduler_UI_only/.venv/lib/python3.13/site-packages/django/db/models/query.py", line 635, in get
    num = len(clone)
  File "/Users/sammac/Desktop/org-repo/Scheduler_UI_only/.venv/lib/python3.13/site-packages/django/db/models/query.py", line 372, in __len__
    self._fetch_all()
    ~~~~~~~~~~~~~~~^^
  File "/Users/sammac/Desktop/org-repo/Scheduler_UI_only/.venv/lib/python3.13/site-packages/django/db/models/query.py", line 2000, in _fetch_all
    self._result_cache = list(self._iterable_class(self))
                         ~~~~^^^^^^^^^^^^^^^^^^^^^^^^^^^^
  File "/Users/sammac/Desktop/org-repo/Scheduler_UI_only/.venv/lib/python3.13/site-packages/django/db/models/query.py", line 95, in __iter__
    results = compiler.execute_sql(
        chunked_fetch=self.chunked_fetch, chunk_size=self.chunk_size
    )
  File "/Users/sammac/Desktop/org-repo/Scheduler_UI_only/.venv/lib/python3.13/site-packages/django/db/models/sql/compiler.py", line 1624, in execute_sql
    cursor.execute(sql, params)
    ~~~~~~~~~~~~~~^^^^^^^^^^^^^
  File "/Users/sammac/Desktop/org-repo/Scheduler_UI_only/.venv/lib/python3.13/site-packages/django/db/backends/utils.py", line 79, in execute
    return self._execute_with_wrappers(
           ~~~~~~~~~~~~~~~~~~~~~~~~~~~^
        sql, params, many=False, executor=self._execute
        ^^^^^^^^^^^^^^^^^^^^^^^^^^^^^^^^^^^^^^^^^^^^^^^
    )
    ^
  File "/Users/sammac/Desktop/org-repo/Scheduler_UI_only/.venv/lib/python3.13/site-packages/django/db/backends/utils.py", line 92, in _execute_with_wrappers
    return executor(sql, params, many, context)
  File "/Users/sammac/Desktop/org-repo/Scheduler_UI_only/.venv/lib/python3.13/site-packages/django/db/backends/utils.py", line 100, in _execute
    with self.db.wrap_database_errors:
         ^^^^^^^^^^^^^^^^^^^^^^^^^^^^
  File "/Users/sammac/Desktop/org-repo/Scheduler_UI_only/.venv/lib/python3.13/site-packages/django/db/utils.py", line 94, in __exit__
    raise dj_exc_value.with_traceback(traceback) from exc_value
  File "/Users/sammac/Desktop/org-repo/Scheduler_UI_only/.venv/lib/python3.13/site-packages/django/db/backends/utils.py", line 105, in _execute
    return self.cursor.execute(sql, params)
           ~~~~~~~~~~~~~~~~~~~^^^^^^^^^^^^^
  File "/Users/sammac/Desktop/org-repo/Scheduler_UI_only/.venv/lib/python3.13/site-packages/django/db/backends/sqlite3/base.py", line 359, in execute
    return super().execute(query, params)
           ~~~~~~~~~~~~~~~^^^^^^^^^^^^^^^
django.db.utils.OperationalError: no such table: django_session
Internal Server Error: /favicon.ico
Traceback (most recent call last):
  File "/Users/sammac/Desktop/org-repo/Scheduler_UI_only/.venv/lib/python3.13/site-packages/django/contrib/sessions/backends/base.py", line 246, in _get_session
    return self._session_cache
           ^^^^^^^^^^^^^^^^^^^
AttributeError: 'SessionStore' object has no attribute '_session_cache'

During handling of the above exception, another exception occurred:

Traceback (most recent call last):
  File "/Users/sammac/Desktop/org-repo/Scheduler_UI_only/.venv/lib/python3.13/site-packages/django/db/backends/utils.py", line 105, in _execute
    return self.cursor.execute(sql, params)
           ~~~~~~~~~~~~~~~~~~~^^^^^^^^^^^^^
  File "/Users/sammac/Desktop/org-repo/Scheduler_UI_only/.venv/lib/python3.13/site-packages/django/db/backends/sqlite3/base.py", line 359, in execute
    return super().execute(query, params)
           ~~~~~~~~~~~~~~~^^^^^^^^^^^^^^^
sqlite3.OperationalError: no such table: django_session

The above exception was the direct cause of the following exception:

Traceback (most recent call last):
  File "/Users/sammac/Desktop/org-repo/Scheduler_UI_only/.venv/lib/python3.13/site-packages/django/core/handlers/exception.py", line 55, in inner
    response = get_response(request)
  File "/Users/sammac/Desktop/org-repo/Scheduler_UI_only/projttgs/ttgen/superadmin_views.py", line 2594, in __call__
    request.session.get(SESSION_FLAG)
    ~~~~~~~~~~~~~~~~~~~^^^^^^^^^^^^^^
  File "/Users/sammac/Desktop/org-repo/Scheduler_UI_only/.venv/lib/python3.13/site-packages/django/contrib/sessions/backends/base.py", line 74, in get
    return self._session.get(key, default)
           ^^^^^^^^^^^^^
  File "/Users/sammac/Desktop/org-repo/Scheduler_UI_only/.venv/lib/python3.13/site-packages/django/contrib/sessions/backends/base.py", line 251, in _get_session
    self._session_cache = self.load()
                          ~~~~~~~~~^^
  File "/Users/sammac/Desktop/org-repo/Scheduler_UI_only/.venv/lib/python3.13/site-packages/django/contrib/sessions/backends/db.py", line 55, in load
    s = self._get_session_from_db()
  File "/Users/sammac/Desktop/org-repo/Scheduler_UI_only/.venv/lib/python3.13/site-packages/django/contrib/sessions/backends/db.py", line 34, in _get_session_from_db
    return self.model.objects.get(
           ~~~~~~~~~~~~~~~~~~~~~~^
        session_key=self.session_key, expire_date__gt=timezone.now()
        ^^^^^^^^^^^^^^^^^^^^^^^^^^^^^^^^^^^^^^^^^^^^^^^^^^^^^^^^^^^^
    )
    ^
  File "/Users/sammac/Desktop/org-repo/Scheduler_UI_only/.venv/lib/python3.13/site-packages/django/db/models/manager.py", line 87, in manager_method
    return getattr(self.get_queryset(), name)(*args, **kwargs)
           ~~~~~~~~~~~~~~~~~~~~~~~~~~~~~~~~~~^^^^^^^^^^^^^^^^^
  File "/Users/sammac/Desktop/org-repo/Scheduler_UI_only/.venv/lib/python3.13/site-packages/django/db/models/query.py", line 635, in get
    num = len(clone)
  File "/Users/sammac/Desktop/org-repo/Scheduler_UI_only/.venv/lib/python3.13/site-packages/django/db/models/query.py", line 372, in __len__
    self._fetch_all()
    ~~~~~~~~~~~~~~~^^
  File "/Users/sammac/Desktop/org-repo/Scheduler_UI_only/.venv/lib/python3.13/site-packages/django/db/models/query.py", line 2000, in _fetch_all
    self._result_cache = list(self._iterable_class(self))
                         ~~~~^^^^^^^^^^^^^^^^^^^^^^^^^^^^
  File "/Users/sammac/Desktop/org-repo/Scheduler_UI_only/.venv/lib/python3.13/site-packages/django/db/models/query.py", line 95, in __iter__
    results = compiler.execute_sql(
        chunked_fetch=self.chunked_fetch, chunk_size=self.chunk_size
    )
  File "/Users/sammac/Desktop/org-repo/Scheduler_UI_only/.venv/lib/python3.13/site-packages/django/db/models/sql/compiler.py", line 1624, in execute_sql
    cursor.execute(sql, params)
    ~~~~~~~~~~~~~~^^^^^^^^^^^^^
  File "/Users/sammac/Desktop/org-repo/Scheduler_UI_only/.venv/lib/python3.13/site-packages/django/db/backends/utils.py", line 79, in execute
    return self._execute_with_wrappers(
           ~~~~~~~~~~~~~~~~~~~~~~~~~~~^
        sql, params, many=False, executor=self._execute
        ^^^^^^^^^^^^^^^^^^^^^^^^^^^^^^^^^^^^^^^^^^^^^^^
    )
    ^
  File "/Users/sammac/Desktop/org-repo/Scheduler_UI_only/.venv/lib/python3.13/site-packages/django/db/backends/utils.py", line 92, in _execute_with_wrappers
    return executor(sql, params, many, context)
  File "/Users/sammac/Desktop/org-repo/Scheduler_UI_only/.venv/lib/python3.13/site-packages/django/db/backends/utils.py", line 100, in _execute
    with self.db.wrap_database_errors:
         ^^^^^^^^^^^^^^^^^^^^^^^^^^^^
  File "/Users/sammac/Desktop/org-repo/Scheduler_UI_only/.venv/lib/python3.13/site-packages/django/db/utils.py", line 94, in __exit__
    raise dj_exc_value.with_traceback(traceback) from exc_value
  File "/Users/sammac/Desktop/org-repo/Scheduler_UI_only/.venv/lib/python3.13/site-packages/django/db/backends/utils.py", line 105, in _execute
    return self.cursor.execute(sql, params)
           ~~~~~~~~~~~~~~~~~~~^^^^^^^^^^^^^
  File "/Users/sammac/Desktop/org-repo/Scheduler_UI_only/.venv/lib/python3.13/site-packages/django/db/backends/sqlite3/base.py", line 359, in execute
    return super().execute(query, params)
           ~~~~~~~~~~~~~~~^^^^^^^^^^^^^^^
django.db.utils.OperationalError: no such table: django_session
Service Unavailable: /auth/role/subscription/create-order/
Service Unavailable: /auth/role/subscription/create-order/
Service Unavailable: /auth/role/subscription/create-order/
Service Unavailable: /auth/role/subscription/create-order/
Service Unavailable: /auth/role/subscription/create-order/
Service Unavailable: /auth/role/subscription/create-order/
Service Unavailable: /auth/role/subscription/create-order/
Service Unavailable: /auth/role/subscription/create-order/
Service Unavailable: /auth/role/subscription/create-order/
Service Unavailable: /auth/role/subscription/create-order/
Service Unavailable: /auth/role/subscription/create-order/
Service Unavailable: /auth/role/subscription/create-order/
Service Unavailable: /auth/role/subscription/create-order/
Service Unavailable: /auth/role/subscription/create-order/
Service Unavailable: /auth/role/subscription/create-order/
Internal Server Error: /map-teacher-subjects/
Traceback (most recent call last):
  File "C:\Users\aryah\AppData\Roaming\Python\Python314\site-packages\django\db\backends\utils.py", line 105, in _execute
    return self.cursor.execute(sql, params)
           ~~~~~~~~~~~~~~~~~~~^^^^^^^^^^^^^
  File "C:\Users\aryah\AppData\Roaming\Python\Python314\site-packages\django\db\backends\sqlite3\base.py", line 359, in execute
    return super().execute(query, params)
           ~~~~~~~~~~~~~~~^^^^^^^^^^^^^^^
sqlite3.OperationalError: no such column: ttgen_section_allowed_courses.group_count

The above exception was the direct cause of the following exception:

Traceback (most recent call last):
  File "C:\Users\aryah\AppData\Roaming\Python\Python314\site-packages\django\core\handlers\exception.py", line 56, in inner
    response = get_response(request)
  File "C:\Users\aryah\AppData\Roaming\Python\Python314\site-packages\django\core\handlers\base.py", line 199, in _get_response
    response = wrapped_callback(request, *callback_args, **callback_kwargs)
  File "C:\Users\aryah\AppData\Roaming\Python\Python314\site-packages\django\contrib\auth\decorators.py", line 60, in _view_wrapper
    return view_func(request, *args, **kwargs)
  File "C:\Users\aryah\workspace_schedular\Scheduler_UI_only\projttgs\ttgen\views_other.py", line 5723, in map_teacher_subjects
    section_subject_mapping = SectionSubjectMapping.objects.filter(section=section, subject=subj).only("group_count").first()
  File "C:\Users\aryah\AppData\Roaming\Python\Python314\site-packages\django\db\models\query.py", line 1189, in first
    for obj in queryset[:1]:
               ~~~~~~~~^^^^
  File "C:\Users\aryah\AppData\Roaming\Python\Python314\site-packages\django\db\models\query.py", line 434, in __iter__
    self._fetch_all()
    ~~~~~~~~~~~~~~~^^
  File "C:\Users\aryah\AppData\Roaming\Python\Python314\site-packages\django\db\models\query.py", line 2239, in _fetch_all
    self._result_cache = list(self._iterable_class(self))
                         ~~~~^^^^^^^^^^^^^^^^^^^^^^^^^^^^
  File "C:\Users\aryah\AppData\Roaming\Python\Python314\site-packages\django\db\models\query.py", line 98, in __iter__
    results = compiler.execute_sql(
        chunked_fetch=self.chunked_fetch, chunk_size=self.chunk_size
    )
  File "C:\Users\aryah\AppData\Roaming\Python\Python314\site-packages\django\db\models\sql\compiler.py", line 1624, in execute_sql
    cursor.execute(sql, params)
    ~~~~~~~~~~~~~~^^^^^^^^^^^^^
  File "C:\Users\aryah\AppData\Roaming\Python\Python314\site-packages\django\db\backends\utils.py", line 79, in execute
    return self._execute_with_wrappers(
           ~~~~~~~~~~~~~~~~~~~~~~~~~~~^
        sql, params, many=False, executor=self._execute
        ^^^^^^^^^^^^^^^^^^^^^^^^^^^^^^^^^^^^^^^^^^^^^^^
    )
    ^
  File "C:\Users\aryah\AppData\Roaming\Python\Python314\site-packages\django\db\backends\utils.py", line 92, in _execute_with_wrappers
    return executor(sql, params, many, context)
  File "C:\Users\aryah\AppData\Roaming\Python\Python314\site-packages\django\db\backends\utils.py", line 100, in _execute
    with self.db.wrap_database_errors:
         ^^^^^^^^^^^^^^^^^^^^^^^^^^^^
  File "C:\Users\aryah\AppData\Roaming\Python\Python314\site-packages\django\db\utils.py", line 94, in __exit__
    raise dj_exc_value.with_traceback(traceback) from exc_value
  File "C:\Users\aryah\AppData\Roaming\Python\Python314\site-packages\django\db\backends\utils.py", line 105, in _execute
    return self.cursor.execute(sql, params)
           ~~~~~~~~~~~~~~~~~~~^^^^^^^^^^^^^
  File "C:\Users\aryah\AppData\Roaming\Python\Python314\site-packages\django\db\backends\sqlite3\base.py", line 359, in execute
    return super().execute(query, params)
           ~~~~~~~~~~~~~~~^^^^^^^^^^^^^^^
django.db.utils.OperationalError: no such column: ttgen_section_allowed_courses.group_count
Service Unavailable: /auth/role/subscription/create-order/
Internal Server Error: /map-teacher-subjects/
Traceback (most recent call last):
  File "C:\Users\aryah\AppData\Roaming\Python\Python314\site-packages\django\db\backends\utils.py", line 105, in _execute
    return self.cursor.execute(sql, params)
           ~~~~~~~~~~~~~~~~~~~^^^^^^^^^^^^^
  File "C:\Users\aryah\AppData\Roaming\Python\Python314\site-packages\django\db\backends\sqlite3\base.py", line 359, in execute
    return super().execute(query, params)
           ~~~~~~~~~~~~~~~^^^^^^^^^^^^^^^
sqlite3.OperationalError: no such column: ttgen_section_allowed_courses.group_count

The above exception was the direct cause of the following exception:

Traceback (most recent call last):
  File "C:\Users\aryah\AppData\Roaming\Python\Python314\site-packages\django\core\handlers\exception.py", line 56, in inner
    response = get_response(request)
  File "C:\Users\aryah\AppData\Roaming\Python\Python314\site-packages\django\core\handlers\base.py", line 199, in _get_response
    response = wrapped_callback(request, *callback_args, **callback_kwargs)
  File "C:\Users\aryah\AppData\Roaming\Python\Python314\site-packages\django\contrib\auth\decorators.py", line 60, in _view_wrapper
    return view_func(request, *args, **kwargs)
  File "C:\Users\aryah\workspace_schedular\Scheduler_UI_only\projttgs\ttgen\views_other.py", line 5723, in map_teacher_subjects
    section_subject_mapping = SectionSubjectMapping.objects.filter(section=section, subject=subj).only("group_count").first()
  File "C:\Users\aryah\AppData\Roaming\Python\Python314\site-packages\django\db\models\query.py", line 1189, in first
    for obj in queryset[:1]:
               ~~~~~~~~^^^^
  File "C:\Users\aryah\AppData\Roaming\Python\Python314\site-packages\django\db\models\query.py", line 434, in __iter__
    self._fetch_all()
    ~~~~~~~~~~~~~~~^^
  File "C:\Users\aryah\AppData\Roaming\Python\Python314\site-packages\django\db\models\query.py", line 2239, in _fetch_all
    self._result_cache = list(self._iterable_class(self))
                         ~~~~^^^^^^^^^^^^^^^^^^^^^^^^^^^^
  File "C:\Users\aryah\AppData\Roaming\Python\Python314\site-packages\django\db\models\query.py", line 98, in __iter__
    results = compiler.execute_sql(
        chunked_fetch=self.chunked_fetch, chunk_size=self.chunk_size
    )
  File "C:\Users\aryah\AppData\Roaming\Python\Python314\site-packages\django\db\models\sql\compiler.py", line 1624, in execute_sql
    cursor.execute(sql, params)
    ~~~~~~~~~~~~~~^^^^^^^^^^^^^
  File "C:\Users\aryah\AppData\Roaming\Python\Python314\site-packages\django\db\backends\utils.py", line 79, in execute
    return self._execute_with_wrappers(
           ~~~~~~~~~~~~~~~~~~~~~~~~~~~^
        sql, params, many=False, executor=self._execute
        ^^^^^^^^^^^^^^^^^^^^^^^^^^^^^^^^^^^^^^^^^^^^^^^
    )
    ^
  File "C:\Users\aryah\AppData\Roaming\Python\Python314\site-packages\django\db\backends\utils.py", line 92, in _execute_with_wrappers
    return executor(sql, params, many, context)
  File "C:\Users\aryah\AppData\Roaming\Python\Python314\site-packages\django\db\backends\utils.py", line 100, in _execute
    with self.db.wrap_database_errors:
         ^^^^^^^^^^^^^^^^^^^^^^^^^^^^
  File "C:\Users\aryah\AppData\Roaming\Python\Python314\site-packages\django\db\utils.py", line 94, in __exit__
    raise dj_exc_value.with_traceback(traceback) from exc_value
  File "C:\Users\aryah\AppData\Roaming\Python\Python314\site-packages\django\db\backends\utils.py", line 105, in _execute
    return self.cursor.execute(sql, params)
           ~~~~~~~~~~~~~~~~~~~^^^^^^^^^^^^^
  File "C:\Users\aryah\AppData\Roaming\Python\Python314\site-packages\django\db\backends\sqlite3\base.py", line 359, in execute
    return super().execute(query, params)
           ~~~~~~~~~~~~~~~^^^^^^^^^^^^^^^
django.db.utils.OperationalError: no such column: ttgen_section_allowed_courses.group_count
Service Unavailable: /auth/role/subscription/create-order/
Internal Server Error: /map-teacher-subjects/
Traceback (most recent call last):
  File "C:\Users\aryah\AppData\Roaming\Python\Python314\site-packages\django\db\backends\utils.py", line 105, in _execute
    return self.cursor.execute(sql, params)
           ~~~~~~~~~~~~~~~~~~~^^^^^^^^^^^^^
  File "C:\Users\aryah\AppData\Roaming\Python\Python314\site-packages\django\db\backends\sqlite3\base.py", line 359, in execute
    return super().execute(query, params)
           ~~~~~~~~~~~~~~~^^^^^^^^^^^^^^^
sqlite3.OperationalError: no such column: ttgen_section_allowed_courses.group_count

The above exception was the direct cause of the following exception:

Traceback (most recent call last):
  File "C:\Users\aryah\AppData\Roaming\Python\Python314\site-packages\django\core\handlers\exception.py", line 56, in inner
    response = get_response(request)
  File "C:\Users\aryah\AppData\Roaming\Python\Python314\site-packages\django\core\handlers\base.py", line 199, in _get_response
    response = wrapped_callback(request, *callback_args, **callback_kwargs)
  File "C:\Users\aryah\AppData\Roaming\Python\Python314\site-packages\django\contrib\auth\decorators.py", line 60, in _view_wrapper
    return view_func(request, *args, **kwargs)
  File "C:\Users\aryah\workspace_schedular\Scheduler_UI_only\projttgs\ttgen\views_other.py", line 5723, in map_teacher_subjects
    section_subject_mapping = SectionSubjectMapping.objects.filter(section=section, subject=subj).only("group_count").first()
  File "C:\Users\aryah\AppData\Roaming\Python\Python314\site-packages\django\db\models\query.py", line 1189, in first
    for obj in queryset[:1]:
               ~~~~~~~~^^^^
  File "C:\Users\aryah\AppData\Roaming\Python\Python314\site-packages\django\db\models\query.py", line 434, in __iter__
    self._fetch_all()
    ~~~~~~~~~~~~~~~^^
  File "C:\Users\aryah\AppData\Roaming\Python\Python314\site-packages\django\db\models\query.py", line 2239, in _fetch_all
    self._result_cache = list(self._iterable_class(self))
                         ~~~~^^^^^^^^^^^^^^^^^^^^^^^^^^^^
  File "C:\Users\aryah\AppData\Roaming\Python\Python314\site-packages\django\db\models\query.py", line 98, in __iter__
    results = compiler.execute_sql(
        chunked_fetch=self.chunked_fetch, chunk_size=self.chunk_size
    )
  File "C:\Users\aryah\AppData\Roaming\Python\Python314\site-packages\django\db\models\sql\compiler.py", line 1624, in execute_sql
    cursor.execute(sql, params)
    ~~~~~~~~~~~~~~^^^^^^^^^^^^^
  File "C:\Users\aryah\AppData\Roaming\Python\Python314\site-packages\django\db\backends\utils.py", line 79, in execute
    return self._execute_with_wrappers(
           ~~~~~~~~~~~~~~~~~~~~~~~~~~~^
        sql, params, many=False, executor=self._execute
        ^^^^^^^^^^^^^^^^^^^^^^^^^^^^^^^^^^^^^^^^^^^^^^^
    )
    ^
  File "C:\Users\aryah\AppData\Roaming\Python\Python314\site-packages\django\db\backends\utils.py", line 92, in _execute_with_wrappers
    return executor(sql, params, many, context)
  File "C:\Users\aryah\AppData\Roaming\Python\Python314\site-packages\django\db\backends\utils.py", line 100, in _execute
    with self.db.wrap_database_errors:
         ^^^^^^^^^^^^^^^^^^^^^^^^^^^^
  File "C:\Users\aryah\AppData\Roaming\Python\Python314\site-packages\django\db\utils.py", line 94, in __exit__
    raise dj_exc_value.with_traceback(traceback) from exc_value
  File "C:\Users\aryah\AppData\Roaming\Python\Python314\site-packages\django\db\backends\utils.py", line 105, in _execute
    return self.cursor.execute(sql, params)
           ~~~~~~~~~~~~~~~~~~~^^^^^^^^^^^^^
  File "C:\Users\aryah\AppData\Roaming\Python\Python314\site-packages\django\db\backends\sqlite3\base.py", line 359, in execute
    return super().execute(query, params)
           ~~~~~~~~~~~~~~~^^^^^^^^^^^^^^^
django.db.utils.OperationalError: no such column: ttgen_section_allowed_courses.group_count
Service Unavailable: /auth/role/subscription/create-order/
Service Unavailable: /auth/role/subscription/create-order/
Internal Server Error: /map-section-subjects/
Traceback (most recent call last):
  File "C:\Users\aryah\AppData\Roaming\Python\Python314\site-packages\django\db\backends\utils.py", line 105, in _execute
    return self.cursor.execute(sql, params)
           ~~~~~~~~~~~~~~~~~~~^^^^^^^^^^^^^
  File "C:\Users\aryah\AppData\Roaming\Python\Python314\site-packages\django\db\backends\sqlite3\base.py", line 359, in execute
    return super().execute(query, params)
           ~~~~~~~~~~~~~~~^^^^^^^^^^^^^^^
sqlite3.OperationalError: no such column: ttgen_section_allowed_courses.group_count

The above exception was the direct cause of the following exception:

Traceback (most recent call last):
  File "C:\Users\aryah\AppData\Roaming\Python\Python314\site-packages\django\core\handlers\exception.py", line 56, in inner
    response = get_response(request)
  File "C:\Users\aryah\AppData\Roaming\Python\Python314\site-packages\django\core\handlers\base.py", line 199, in _get_response
    response = wrapped_callback(request, *callback_args, **callback_kwargs)
  File "C:\Users\aryah\AppData\Roaming\Python\Python314\site-packages\django\contrib\auth\decorators.py", line 60, in _view_wrapper
    return view_func(request, *args, **kwargs)
  File "C:\Users\aryah\workspace_schedular\Scheduler_UI_only\projttgs\ttgen\views_other.py", line 5357, in map_section_subjects
    _, was_created = SectionSubjectMapping.objects.update_or_create(
                     ~~~~~~~~~~~~~~~~~~~~~~~~~~~~~~~~~~~~~~~~~~~~~~^
        section=section,
        ^^^^^^^^^^^^^^^^
    ...<4 lines>...
        },
        ^^
    )
    ^
  File "C:\Users\aryah\AppData\Roaming\Python\Python314\site-packages\django\db\models\manager.py", line 87, in manager_method
    return getattr(self.get_queryset(), name)(*args, **kwargs)
           ~~~~~~~~~~~~~~~~~~~~~~~~~~~~~~~~~~^^^^^^^^^^^^^^^^^
  File "C:\Users\aryah\AppData\Roaming\Python\Python314\site-packages\django\db\models\query.py", line 1073, in update_or_create
    obj, created = self.select_for_update().get_or_create(
                   ~~~~~~~~~~~~~~~~~~~~~~~~~~~~~~~~~~~~~~^
        create_defaults, **kwargs
        ^^^^^^^^^^^^^^^^^^^^^^^^^
    )
    ^
  File "C:\Users\aryah\AppData\Roaming\Python\Python314\site-packages\django\db\models\query.py", line 1031, in get_or_create
    return self.get(**kwargs), False
           ~~~~~~~~^^^^^^^^^^
  File "C:\Users\aryah\AppData\Roaming\Python\Python314\site-packages\django\db\models\query.py", line 679, in get
    num = len(clone)
  File "C:\Users\aryah\AppData\Roaming\Python\Python314\site-packages\django\db\models\query.py", line 416, in __len__
    self._fetch_all()
    ~~~~~~~~~~~~~~~^^
  File "C:\Users\aryah\AppData\Roaming\Python\Python314\site-packages\django\db\models\query.py", line 2239, in _fetch_all
    self._result_cache = list(self._iterable_class(self))
                         ~~~~^^^^^^^^^^^^^^^^^^^^^^^^^^^^
  File "C:\Users\aryah\AppData\Roaming\Python\Python314\site-packages\django\db\models\query.py", line 98, in __iter__
    results = compiler.execute_sql(
        chunked_fetch=self.chunked_fetch, chunk_size=self.chunk_size
    )
  File "C:\Users\aryah\AppData\Roaming\Python\Python314\site-packages\django\db\models\sql\compiler.py", line 1624, in execute_sql
    cursor.execute(sql, params)
    ~~~~~~~~~~~~~~^^^^^^^^^^^^^
  File "C:\Users\aryah\AppData\Roaming\Python\Python314\site-packages\django\db\backends\utils.py", line 79, in execute
    return self._execute_with_wrappers(
           ~~~~~~~~~~~~~~~~~~~~~~~~~~~^
        sql, params, many=False, executor=self._execute
        ^^^^^^^^^^^^^^^^^^^^^^^^^^^^^^^^^^^^^^^^^^^^^^^
    )
    ^
  File "C:\Users\aryah\AppData\Roaming\Python\Python314\site-packages\django\db\backends\utils.py", line 92, in _execute_with_wrappers
    return executor(sql, params, many, context)
  File "C:\Users\aryah\AppData\Roaming\Python\Python314\site-packages\django\db\backends\utils.py", line 100, in _execute
    with self.db.wrap_database_errors:
         ^^^^^^^^^^^^^^^^^^^^^^^^^^^^
  File "C:\Users\aryah\AppData\Roaming\Python\Python314\site-packages\django\db\utils.py", line 94, in __exit__
    raise dj_exc_value.with_traceback(traceback) from exc_value
  File "C:\Users\aryah\AppData\Roaming\Python\Python314\site-packages\django\db\backends\utils.py", line 105, in _execute
    return self.cursor.execute(sql, params)
           ~~~~~~~~~~~~~~~~~~~^^^^^^^^^^^^^
  File "C:\Users\aryah\AppData\Roaming\Python\Python314\site-packages\django\db\backends\sqlite3\base.py", line 359, in execute
    return super().execute(query, params)
           ~~~~~~~~~~~~~~~^^^^^^^^^^^^^^^
django.db.utils.OperationalError: no such column: ttgen_section_allowed_courses.group_count
Service Unavailable: /auth/role/subscription/create-order/
Internal Server Error: /view-section-subjects/
Traceback (most recent call last):
  File "C:\Users\aryah\AppData\Roaming\Python\Python314\site-packages\django\db\backends\utils.py", line 105, in _execute
    return self.cursor.execute(sql, params)
           ~~~~~~~~~~~~~~~~~~~^^^^^^^^^^^^^
  File "C:\Users\aryah\AppData\Roaming\Python\Python314\site-packages\django\db\backends\sqlite3\base.py", line 359, in execute
    return super().execute(query, params)
           ~~~~~~~~~~~~~~~^^^^^^^^^^^^^^^
sqlite3.OperationalError: no such column: ttgen_section_allowed_courses.group_count

The above exception was the direct cause of the following exception:

Traceback (most recent call last):
  File "C:\Users\aryah\AppData\Roaming\Python\Python314\site-packages\django\core\handlers\exception.py", line 56, in inner
    response = get_response(request)
  File "C:\Users\aryah\AppData\Roaming\Python\Python314\site-packages\django\core\handlers\base.py", line 199, in _get_response
    response = wrapped_callback(request, *callback_args, **callback_kwargs)
  File "C:\Users\aryah\AppData\Roaming\Python\Python314\site-packages\django\contrib\auth\decorators.py", line 60, in _view_wrapper
    return view_func(request, *args, **kwargs)
  File "C:\Users\aryah\workspace_schedular\Scheduler_UI_only\projttgs\ttgen\views_other.py", line 5443, in view_section_subjects
    "subjects": list(
                ~~~~^
        SectionSubjectMapping.objects.filter(section=section)
        ^^^^^^^^^^^^^^^^^^^^^^^^^^^^^^^^^^^^^^^^^^^^^^^^^^^^^
        .select_related("subject")
        ^^^^^^^^^^^^^^^^^^^^^^^^^^
        .order_by("subject__subject_number")
        ^^^^^^^^^^^^^^^^^^^^^^^^^^^^^^^^^^^^
    ),
    ^
  File "C:\Users\aryah\AppData\Roaming\Python\Python314\site-packages\django\db\models\query.py", line 434, in __iter__
    self._fetch_all()
    ~~~~~~~~~~~~~~~^^
  File "C:\Users\aryah\AppData\Roaming\Python\Python314\site-packages\django\db\models\query.py", line 2239, in _fetch_all
    self._result_cache = list(self._iterable_class(self))
                         ~~~~^^^^^^^^^^^^^^^^^^^^^^^^^^^^
  File "C:\Users\aryah\AppData\Roaming\Python\Python314\site-packages\django\db\models\query.py", line 98, in __iter__
    results = compiler.execute_sql(
        chunked_fetch=self.chunked_fetch, chunk_size=self.chunk_size
    )
  File "C:\Users\aryah\AppData\Roaming\Python\Python314\site-packages\django\db\models\sql\compiler.py", line 1624, in execute_sql
    cursor.execute(sql, params)
    ~~~~~~~~~~~~~~^^^^^^^^^^^^^
  File "C:\Users\aryah\AppData\Roaming\Python\Python314\site-packages\django\db\backends\utils.py", line 79, in execute
    return self._execute_with_wrappers(
           ~~~~~~~~~~~~~~~~~~~~~~~~~~~^
        sql, params, many=False, executor=self._execute
        ^^^^^^^^^^^^^^^^^^^^^^^^^^^^^^^^^^^^^^^^^^^^^^^
    )
    ^
  File "C:\Users\aryah\AppData\Roaming\Python\Python314\site-packages\django\db\backends\utils.py", line 92, in _execute_with_wrappers
    return executor(sql, params, many, context)
  File "C:\Users\aryah\AppData\Roaming\Python\Python314\site-packages\django\db\backends\utils.py", line 100, in _execute
    with self.db.wrap_database_errors:
         ^^^^^^^^^^^^^^^^^^^^^^^^^^^^
  File "C:\Users\aryah\AppData\Roaming\Python\Python314\site-packages\django\db\utils.py", line 94, in __exit__
    raise dj_exc_value.with_traceback(traceback) from exc_value
  File "C:\Users\aryah\AppData\Roaming\Python\Python314\site-packages\django\db\backends\utils.py", line 105, in _execute
    return self.cursor.execute(sql, params)
           ~~~~~~~~~~~~~~~~~~~^^^^^^^^^^^^^
  File "C:\Users\aryah\AppData\Roaming\Python\Python314\site-packages\django\db\backends\sqlite3\base.py", line 359, in execute
    return super().execute(query, params)
           ~~~~~~~~~~~~~~~^^^^^^^^^^^^^^^
django.db.utils.OperationalError: no such column: ttgen_section_allowed_courses.group_count
Service Unavailable: /auth/role/subscription/create-order/
Service Unavailable: /auth/role/subscription/create-order/
Service Unavailable: /auth/role/subscription/create-order/
Service Unavailable: /auth/role/subscription/create-order/
Service Unavailable: /auth/role/subscription/create-order/
Service Unavailable: /auth/role/subscription/create-order/
Internal Server Error: /view-section-subjects/
Traceback (most recent call last):
  File "C:\Users\aryah\AppData\Roaming\Python\Python314\site-packages\django\db\backends\utils.py", line 105, in _execute
    return self.cursor.execute(sql, params)
           ~~~~~~~~~~~~~~~~~~~^^^^^^^^^^^^^
  File "C:\Users\aryah\AppData\Roaming\Python\Python314\site-packages\django\db\backends\sqlite3\base.py", line 359, in execute
    return super().execute(query, params)
           ~~~~~~~~~~~~~~~^^^^^^^^^^^^^^^
sqlite3.OperationalError: no such column: ttgen_section_allowed_courses.group_count

The above exception was the direct cause of the following exception:

Traceback (most recent call last):
  File "C:\Users\aryah\AppData\Roaming\Python\Python314\site-packages\django\core\handlers\exception.py", line 56, in inner
    response = get_response(request)
  File "C:\Users\aryah\AppData\Roaming\Python\Python314\site-packages\django\core\handlers\base.py", line 199, in _get_response
    response = wrapped_callback(request, *callback_args, **callback_kwargs)
  File "C:\Users\aryah\AppData\Roaming\Python\Python314\site-packages\django\contrib\auth\decorators.py", line 60, in _view_wrapper
    return view_func(request, *args, **kwargs)
  File "C:\Users\aryah\workspace_schedular\Scheduler_UI_only\projttgs\ttgen\views_other.py", line 5443, in view_section_subjects
    "subjects": list(
                ~~~~^
        SectionSubjectMapping.objects.filter(section=section)
        ^^^^^^^^^^^^^^^^^^^^^^^^^^^^^^^^^^^^^^^^^^^^^^^^^^^^^
        .select_related("subject")
        ^^^^^^^^^^^^^^^^^^^^^^^^^^
        .order_by("subject__subject_number")
        ^^^^^^^^^^^^^^^^^^^^^^^^^^^^^^^^^^^^
    ),
    ^
  File "C:\Users\aryah\AppData\Roaming\Python\Python314\site-packages\django\db\models\query.py", line 434, in __iter__
    self._fetch_all()
    ~~~~~~~~~~~~~~~^^
  File "C:\Users\aryah\AppData\Roaming\Python\Python314\site-packages\django\db\models\query.py", line 2239, in _fetch_all
    self._result_cache = list(self._iterable_class(self))
                         ~~~~^^^^^^^^^^^^^^^^^^^^^^^^^^^^
  File "C:\Users\aryah\AppData\Roaming\Python\Python314\site-packages\django\db\models\query.py", line 98, in __iter__
    results = compiler.execute_sql(
        chunked_fetch=self.chunked_fetch, chunk_size=self.chunk_size
    )
  File "C:\Users\aryah\AppData\Roaming\Python\Python314\site-packages\django\db\models\sql\compiler.py", line 1624, in execute_sql
    cursor.execute(sql, params)
    ~~~~~~~~~~~~~~^^^^^^^^^^^^^
  File "C:\Users\aryah\AppData\Roaming\Python\Python314\site-packages\django\db\backends\utils.py", line 79, in execute
    return self._execute_with_wrappers(
           ~~~~~~~~~~~~~~~~~~~~~~~~~~~^
        sql, params, many=False, executor=self._execute
        ^^^^^^^^^^^^^^^^^^^^^^^^^^^^^^^^^^^^^^^^^^^^^^^
    )
    ^
  File "C:\Users\aryah\AppData\Roaming\Python\Python314\site-packages\django\db\backends\utils.py", line 92, in _execute_with_wrappers
    return executor(sql, params, many, context)
  File "C:\Users\aryah\AppData\Roaming\Python\Python314\site-packages\django\db\backends\utils.py", line 100, in _execute
    with self.db.wrap_database_errors:
         ^^^^^^^^^^^^^^^^^^^^^^^^^^^^
  File "C:\Users\aryah\AppData\Roaming\Python\Python314\site-packages\django\db\utils.py", line 94, in __exit__
    raise dj_exc_value.with_traceback(traceback) from exc_value
  File "C:\Users\aryah\AppData\Roaming\Python\Python314\site-packages\django\db\backends\utils.py", line 105, in _execute
    return self.cursor.execute(sql, params)
           ~~~~~~~~~~~~~~~~~~~^^^^^^^^^^^^^
  File "C:\Users\aryah\AppData\Roaming\Python\Python314\site-packages\django\db\backends\sqlite3\base.py", line 359, in execute
    return super().execute(query, params)
           ~~~~~~~~~~~~~~~^^^^^^^^^^^^^^^
django.db.utils.OperationalError: no such column: ttgen_section_allowed_courses.group_count
Service Unavailable: /auth/role/subscription/create-order/
Service Unavailable: /auth/role/subscription/create-order/
Service Unavailable: /auth/role/subscription/create-order/
Service Unavailable: /auth/role/subscription/create-order/
Service Unavailable: /auth/role/subscription/create-order/
Service Unavailable: /auth/role/subscription/create-order/
Service Unavailable: /auth/role/subscription/create-order/
Service Unavailable: /auth/role/subscription/create-order/
Service Unavailable: /auth/role/subscription/create-order/
Service Unavailable: /auth/role/subscription/create-order/
Service Unavailable: /auth/role/subscription/create-order/
Service Unavailable: /auth/role/subscription/create-order/
Service Unavailable: /auth/role/subscription/create-order/
Service Unavailable: /auth/role/subscription/create-order/
Service Unavailable: /auth/role/subscription/create-order/
Service Unavailable: /auth/role/subscription/create-order/
Service Unavailable: /auth/role/subscription/create-order/
Service Unavailable: /auth/role/subscription/create-order/
Service Unavailable: /auth/role/subscription/create-order/
Service Unavailable: /auth/role/subscription/create-order/
Service Unavailable: /auth/role/subscription/create-order/
Service Unavailable: /auth/role/subscription/create-order/
Internal Server Error: /role
Traceback (most recent call last):
  File "C:\Users\aryah\AppData\Roaming\Python\Python314\site-packages\django\core\handlers\exception.py", line 56, in inner
    response = get_response(request)
  File "C:\Users\aryah\AppData\Roaming\Python\Python314\site-packages\django\core\handlers\base.py", line 199, in _get_response
    response = wrapped_callback(request, *callback_args, **callback_kwargs)
  File "C:\Users\aryah\workspace_schedular\Scheduler_UI_only\projttgs\ttgen\views_other.py", line 1005, in role
    return render(request, 'role.html')
  File "C:\Users\aryah\AppData\Roaming\Python\Python314\site-packages\django\shortcuts.py", line 27, in render
    content = loader.render_to_string(template_name, context, request, using=using)
  File "C:\Users\aryah\AppData\Roaming\Python\Python314\site-packages\django\template\loader.py", line 62, in render_to_string
    return template.render(context, request)
           ~~~~~~~~~~~~~~~^^^^^^^^^^^^^^^^^^
  File "C:\Users\aryah\AppData\Roaming\Python\Python314\site-packages\django\template\backends\django.py", line 107, in render
    return self.template.render(context)
           ~~~~~~~~~~~~~~~~~~~~^^^^^^^^^
  File "C:\Users\aryah\AppData\Roaming\Python\Python314\site-packages\django\template\base.py", line 174, in render
    return self._render(context)
           ~~~~~~~~~~~~^^^^^^^^^
  File "C:\Users\aryah\AppData\Roaming\Python\Python314\site-packages\django\template\base.py", line 166, in _render
    return self.nodelist.render(context)
           ~~~~~~~~~~~~~~~~~~~~^^^^^^^^^
  File "C:\Users\aryah\AppData\Roaming\Python\Python314\site-packages\django\template\base.py", line 1107, in render
    return SafeString("".join([node.render_annotated(context) for node in self]))
                               ~~~~~~~~~~~~~~~~~~~~~^^^^^^^^^
  File "C:\Users\aryah\AppData\Roaming\Python\Python314\site-packages\django\template\base.py", line 1068, in render_annotated
    return self.render(context)
           ~~~~~~~~~~~^^^^^^^^^
  File "C:\Users\aryah\AppData\Roaming\Python\Python314\site-packages\django\template\loader_tags.py", line 160, in render
    return compiled_parent._render(context)
           ~~~~~~~~~~~~~~~~~~~~~~~^^^^^^^^^
  File "C:\Users\aryah\AppData\Roaming\Python\Python314\site-packages\django\template\base.py", line 166, in _render
    return self.nodelist.render(context)
           ~~~~~~~~~~~~~~~~~~~~^^^^^^^^^
  File "C:\Users\aryah\AppData\Roaming\Python\Python314\site-packages\django\template\base.py", line 1107, in render
    return SafeString("".join([node.render_annotated(context) for node in self]))
                               ~~~~~~~~~~~~~~~~~~~~~^^^^^^^^^
  File "C:\Users\aryah\AppData\Roaming\Python\Python314\site-packages\django\template\base.py", line 1068, in render_annotated
    return self.render(context)
           ~~~~~~~~~~~^^^^^^^^^
  File "C:\Users\aryah\AppData\Roaming\Python\Python314\site-packages\django\templatetags\static.py", line 116, in render
    url = self.url(context)
  File "C:\Users\aryah\AppData\Roaming\Python\Python314\site-packages\django\templatetags\static.py", line 113, in url
    return self.handle_simple(path)
           ~~~~~~~~~~~~~~~~~~^^^^^^
  File "C:\Users\aryah\AppData\Roaming\Python\Python314\site-packages\django\templatetags\static.py", line 129, in handle_simple
    return staticfiles_storage.url(path)
           ~~~~~~~~~~~~~~~~~~~~~~~^^^^^^
  File "C:\Users\aryah\AppData\Roaming\Python\Python314\site-packages\django\contrib\staticfiles\storage.py", line 235, in url
    return self._url(self.stored_name, name, force)
           ~~~~~~~~~^^^^^^^^^^^^^^^^^^^^^^^^^^^^^^^
  File "C:\Users\aryah\AppData\Roaming\Python\Python314\site-packages\django\contrib\staticfiles\storage.py", line 214, in _url
    hashed_name = hashed_name_func(*args)
  File "C:\Users\aryah\AppData\Roaming\Python\Python314\site-packages\django\contrib\staticfiles\storage.py", line 601, in stored_name
    raise ValueError(
        "Missing staticfiles manifest entry for '%s'" % clean_name
    )
ValueError: Missing staticfiles manifest entry for 'uniform.css'
